caddress_id,customer_id,country,street,postcode,city
A01HQP4D6EPK4PAV4YMVS21GX2V,01HQP4D6EPK4PAV4YMVS21GX2V,United Kingdom,Meadow Valley,97254 CEDEX,London
A01HQP4D6ET6MQRS9KMWDM703P7,01HQP4D6ET6MQRS9KMWDM703P7,United Kingdom,Sunbrook,GP2 4EQ,London
A01HQP4D6EY8KQN0752H4ECNKNP,01HQP4D6EY8KQN0752H4ECNKNP,Italy,Crest Line,Z52 8GV,Turin
A01HQP4D6F1FXNC74SFQQ7ZGQ9D,01HQP4D6F1FXNC74SFQQ7ZGQ9D,United Kingdom,Merrick,J0 9NM,London
A01HQP4D6F3GARG3KX245M4PPQV,01HQP4D6F3GARG3KX245M4PPQV,Switzerland,Kipling,1695,Basel
A01HQP4D6F6ZPPAN4N3V2ZQ8F57,01HQP4D6F6ZPPAN4N3V2ZQ8F57,Switzerland,Reindahl,CQ06 2IR,Winterthur
A01HQP4D6F9N1GXR5ZRXN0XNMC3,01HQP4D6F9N1GXR5ZRXN0XNMC3,United Kingdom,Fulton,U5 7ZX,London
A01HQP4D6FCKXJHEP749D1GRP2M,01HQP4D6FCKXJHEP749D1GRP2M,United Kingdom,Johnson,H6 1SX,Belfast
A01HQP4D6FF6CX0GT0A03JE1T9E,01HQP4D6FF6CX0GT0A03JE1T9E,Iceland,Roth,29-100,Reykjanesb?r
A01HQP4D6FJEMVGS7WS8YWE6C54,01HQP4D6FJEMVGS7WS8YWE6C54,United Kingdom,Susan,G58 7JF,London
A01HQP4D6FMJNXQY9RDQ422XQ92,01HQP4D6FMJNXQY9RDQ422XQ92,United Kingdom,Homewood,H99 1BW,London
A01HQP4D6FQAZK7HVY6Z977F7R3,01HQP4D6FQAZK7HVY6Z977F7R3,United Kingdom,Steensland,N1 0HS,Edinburgh
A01HQP4D6FT82R95B43M7C64Y3Y,01HQP4D6FT82R95B43M7C64Y3Y,United Kingdom,Sage,LQ3 9AL,London
A01HQP4D6FXP31471V7T0SJK30N,01HQP4D6FXP31471V7T0SJK30N,Sweden,Roxbury,X81 6CU,J?nk?ping
A01HQP4D6FZH084M1Y5DZ77XRB5,01HQP4D6FZH084M1Y5DZ77XRB5,United Kingdom,Everett,Q0 4KL,Leeds
A01HQP4D6G2VMDVDTYDAGPB5Z03,01HQP4D6G2VMDVDTYDAGPB5Z03,United Kingdom,Lakewood Gardens,JU42 5WP,London
A01HQP4D6G3RMM1NGN0HQMVJ8WC,01HQP4D6G3RMM1NGN0HQMVJ8WC,Norway,Hudson,120 30,Kristiansand
A01HQP4D6G4CZ2Z5B0R1WEPRX7T,01HQP4D6G4CZ2Z5B0R1WEPRX7T,United Kingdom,Surrey,9801,London
A01HQP4D6G5A1NX4A9Q3YF0C7T7,01HQP4D6G5A1NX4A9Q3YF0C7T7,United Kingdom,Bunker Hill,WM0 2KD,Edinburgh
A01HQP4D6G63QYFEPS3ZG06VKXA,01HQP4D6G63QYFEPS3ZG06VKXA,Denmark,Gale,N7 9EB,Aarhus
A01HQP4D6G7BS6MTXNB04HDMRSH,01HQP4D6G7BS6MTXNB04HDMRSH,United Kingdom,5th,Y05 4MZ,Leicester
A01HQP4D6G89VRB9JW4W2ZE1K0T,01HQP4D6G89VRB9JW4W2ZE1K0T,United Kingdom,La Follette,3525-405,Edinburgh
A01HQP4D6G97HT7QDVZRK448ZVS,01HQP4D6G97HT7QDVZRK448ZVS,United States,Nevada,E46 4FE,Phoenix
A01HQP4D6GBVATM75E4CEPE073P,01HQP4D6GBVATM75E4CEPE073P,United States,Schiller,S8,Denver
A01HQP4D6GC0SMN3P7WTA7ZYV51,01HQP4D6GC0SMN3P7WTA7ZYV51,Portugal,Gerald,2701,Aveiro
A01HQP4D6GDV96PKC2B4EYHFMMD,01HQP4D6GDV96PKC2B4EYHFMMD,China,Kropf,10805,Tianjin
A01HQP4D6GE7Q8Z98BEXSFA9FSE,01HQP4D6GE7Q8Z98BEXSFA9FSE,United Kingdom,Susan,362-0025,Leeds
A01HQP4D6GFYMC3S7FHBTKQ7782,01HQP4D6GFYMC3S7FHBTKQ7782,South Korea,Hagan,UZ65 0JG,Suwon
A01HQP4D6GG30SGNVY3MQV665YE,01HQP4D6GG30SGNVY3MQV665YE,United Kingdom,Darwin,YS9 6QL,Reading
A01HQP4D6GHY9MX7VVKBV4FT80C,01HQP4D6GHY9MX7VVKBV4FT80C,United Kingdom,Killdeer,PZ0 2IU,Leeds
A01HQP4D6GJ4TC98G6ZQYSDF3S2,01HQP4D6GJ4TC98G6ZQYSDF3S2,Norway,Elgar,AZ42 4LY,Stavanger
A01HQP4D5A9M1ESQ82FTN6A75F5,01HQP4D5A9M1ESQ82FTN6A75F5,France,Summerview,8088,Nice
A01HQP4D5ADG024W0B01ZJKGDWA,01HQP4D5ADG024W0B01ZJKGDWA,Belgium,Artisan,V46 6BV,Li¨¨ge
A01HQP4D5AF65KZWACSPRQ5DHPJ,01HQP4D5AF65KZWACSPRQ5DHPJ,Sweden,Gale,JP5 5HT,?rebro
A01HQP4D5AHJHKG757VFA61P6QY,01HQP4D5AHJHKG757VFA61P6QY,Denmark,Dryden,462244,Copenhagen
A01HQP4D5AMWZ4JY5QG1YSDQ2AZ,01HQP4D5AMWZ4JY5QG1YSDQ2AZ,Scotland,Buena Vista,34504 CEDEX,Glasgow
A01HQP4D5APNZYFP95MH9J9FZ3G,01HQP4D5APNZYFP95MH9J9FZ3G,United Kingdom,Anhalt,HI2 6ZD,Birmingham
A01HQP4D5AS2VKW51ZF00REHH7Z,01HQP4D5AS2VKW51ZF00REHH7Z,Switzerland,Forster,WG54 9ZB,St. Gallen
A01HQP4D5AWK3CB9BMTXRKK1TNN,01HQP4D5AWK3CB9BMTXRKK1TNN,United Kingdom,Anniversary,EC5 5BX,Manchester
A01HQP4D5AYTGB7PHEDKGQDTRJD,01HQP4D5AYTGB7PHEDKGQDTRJD,apan,West,963-5343,Tokyo
A01HQP4D5B0KF36KNB8WY8D6RH1,01HQP4D5B0KF36KNB8WY8D6RH1,United Kingdom,Stephen,36104,London
A01HQP4D5B22RZ1SD5DETFBS47D,01HQP4D5B22RZ1SD5DETFBS47D,United States,Hoard,429315,Phoenix
A01HQP4D5B4G0SYVH71DK8EMXVQ,01HQP4D5B4G0SYVH71DK8EMXVQ,United Kingdom,Elka,722 25,Bristol
A01HQP4D5B790HX5YT74RTVVCAD,01HQP4D5B790HX5YT74RTVVCAD,United Kingdom,Scofield,671360,Sheffield
A01HQP4D5B9WZXV40J2MHB1BAJK,01HQP4D5B9WZXV40J2MHB1BAJK,United Kingdom,Amoth,Z35 2GA,Liverpool
A01HQP4D5BBN3NGPYNKJ92GKPDN,01HQP4D5BBN3NGPYNKJ92GKPDN,United Kingdom,Pierstorff,6060-089,London
A01HQP4D5BD6JG72TSRRDYQ5ZZN,01HQP4D5BD6JG72TSRRDYQ5ZZN,United Kingdom,Packers,08013 CEDEX,London
A01HQP4D5BF68E5KBK27ABBX044,01HQP4D5BF68E5KBK27ABBX044,Austria,Dryden,H9 9TH,Linz
A01HQP4D5BJ4SFJXZ0TAEJJ2VN2,01HQP4D5BJ4SFJXZ0TAEJJ2VN2,United Kingdom,Novick,M02 8UC,Leicester
A01HQP4D5BMCSVFR2B8B199C496,01HQP4D5BMCSVFR2B8B199C496,Belgium,Monica,3280,Leuven
A01HQP4D5BPW0Z298H66W0HC8Z8,01HQP4D5BPW0Z298H66W0HC8Z8,United States,Magdeline,J8B,San Diego
A01HQP4D5BSWFHK45MM2PYVQXVE,01HQP4D5BSWFHK45MM2PYVQXVE,United Kingdom,Maywood,656-2225,London
A01HQP4D5BV1M902CXNZ1HZHSP8,01HQP4D5BV1M902CXNZ1HZHSP8,United Kingdom,Badeau,NT5 8WJ,London
A01HQP4D5BXW9BBGA3JM7A6XFND,01HQP4D5BXW9BBGA3JM7A6XFND,United Kingdom,Eastwood,142672,Belfast
A01HQP4D5BZDQ70F7R1MDAPHC0R,01HQP4D5BZDQ70F7R1MDAPHC0R,Spain,Elmside,O10 1CB,Bilbao
A01HQP4D5C1Q5ZN82ZNG61HJ70R,01HQP4D5C1Q5ZN82ZNG61HJ70R,United Kingdom,Everett,AR76 0FQ,London
A01HQP4D5C345NKY1ZA0R30Y9KY,01HQP4D5C345NKY1ZA0R30Y9KY,Portugal,Saint Paul,O7 7QY,Funchal
A01HQP4D5C5FE93K9PMJKD538R5,01HQP4D5C5FE93K9PMJKD538R5,United Kingdom,Sutherland,352412,Belfast
A01HQP4D5C6MRRXB3V77YZR1DM1,01HQP4D5C6MRRXB3V77YZR1DM1,United Kingdom,Pleasure,27-630,Hull
A01HQP4D5C8HK57CP3AK3C3DZXP,01HQP4D5C8HK57CP3AK3C3DZXP,United Kingdom,Moland,L6 1SL,London
A01HQP4D5CAAB7844AM7220VCRT,01HQP4D5CAAB7844AM7220VCRT,Finland,Raven,629008,Lahti
A01HQP4D5CB7TKHQ6DT4YQW4VC9,01HQP4D5CB7TKHQ6DT4YQW4VC9,United Kingdom,Prairieview,J2 7TU,London
A01HQP4D4VXJCQKA77NV3FBQ91D,01HQP4D4VXJCQKA77NV3FBQ91D,United Kingdom,Bultman,K28 4FV,Coventry
A01HQP4D4VY8TA81C6MCW4QW07Q,01HQP4D4VY8TA81C6MCW4QW07Q,United Kingdom,Cherokee,I1 0XO,Nottingham
A01HQP4D4VZM5840N01SRATT8Q1,01HQP4D4VZM5840N01SRATT8Q1,Iceland,Tomscot,N2L,K¨®pavogur
A01HQP4D4W0Q1WP9Y4KCNNTFKBP,01HQP4D4W0Q1WP9Y4KCNNTFKBP,United Kingdom,Eastwood,W3 8VV,Sheffield
A01HQP4D4W1717GNJB6FMF5B5MG,01HQP4D4W1717GNJB6FMF5B5MG,United Kingdom,Del Sol,452630,London
A01HQP4D4W2W05172CPX33A26PT,01HQP4D4W2W05172CPX33A26PT,United Kingdom,Loftsgordon,WQ6 2EW,Belfast
A01HQP4D4W3H22QXDPSVE45PZ70,01HQP4D4W3H22QXDPSVE45PZ70,United Kingdom,Arizona,92393 CEDEX,London
A01HQP4D4W4DFAQQFX2HK550EQ1,01HQP4D4W4DFAQQFX2HK550EQ1,Netherlands,Annamark,Z3 6HP,Utrecht
A01HQP4D4W5NBZTKMEYGET2JK6K,01HQP4D4W5NBZTKMEYGET2JK6K,United Kingdom,Heath,E3G,London
A01HQP4D4W7MJ82GGE9T859HX1S,01HQP4D4W7MJ82GGE9T859HX1S,United Kingdom,Alpine,21120,Portsmouth
A01HQP4D4W74P7GXCD6DM43GNNF,01HQP4D4W74P7GXCD6DM43GNNF,United Kingdom,Dahle,32127,Liverpool
A01HQP4D4W9KK9P1EG5PC1M9FX5,01HQP4D4W9KK9P1EG5PC1M9FX5,Italy,Grover,353624,Florence
A01HQP4D4WASZFK6MCMFMWJCHDR,01HQP4D4WASZFK6MCMFMWJCHDR,United Kingdom,Truax,644002,Cardiff
A01HQP4D4WBFHB5AW91SPZK8KB6,01HQP4D4WBFHB5AW91SPZK8KB6,United Kingdom,Coleman,ZN5 4PB,Leeds
A01HQP4D4WC58BHP4B380RV10S1,01HQP4D4WC58BHP4B380RV10S1,Sweden,Redwing,6203,Helsingborg
A01HQP4D4WD79XWR77CF0W96ENH,01HQP4D4WD79XWR77CF0W96ENH,United Kingdom,Alpine,55340-000,Sheffield
A01HQP4D4WEVR0VZ4HCREKMMAA3,01HQP4D4WEVR0VZ4HCREKMMAA3,United Kingdom,Dunning,Z2 3AC,Manchester
A01HQP4D4WF2HE0BAMZ3KWS24JC,01HQP4D4WF2HE0BAMZ3KWS24JC,Ireland,Golf Course,KE4 0JM,Dublin
A01HQP4D4WG8FYV5YRKJW244DD5,01HQP4D4WG8FYV5YRKJW244DD5,United Kingdom,Elka,HC1 6DK,Cardiff
A01HQP4D4WHRJ3TD69YPF24PJDJ,01HQP4D4WHRJ3TD69YPF24PJDJ,United States,Weeping Birch,2970-267,"Washington, D.C."
A01HQP4D4WJA58B23DAWVK53JC8,01HQP4D4WJA58B23DAWVK53JC8,Austria,Shopko,QD5 7OS,Villach
A01HQP4D4WKJ40YBMQH498FTGGW,01HQP4D4WKJ40YBMQH498FTGGW,United Kingdom,Harper,NF29 4EQ,Hull
A01HQP4D4WMR9H5BCVJ0GJ3H1DG,01HQP4D4WMR9H5BCVJ0GJ3H1DG,United Kingdom,Dexter,9022,London
A01HQP4D4WN4HFX80CVG90JNDJ7,01HQP4D4WN4HFX80CVG90JNDJ7,United States,Eliot,4550,Austin
A01HQP4D4WPEJ0ZFF4JPY6NPMDZ,01HQP4D4WPEJ0ZFF4JPY6NPMDZ,United Kingdom,Rowland,18290-000,London
A01HQP4D4WQ0BNCPCZ9VTXSX17N,01HQP4D4WQ0BNCPCZ9VTXSX17N,United Kingdom,South,413028,London
A01HQP4D4WRK64KA7SHGZZRW84C,01HQP4D4WRK64KA7SHGZZRW84C,China,Dayton,22212,Chongqing
A01HQP4D4WSKM7HRK76MS8QETW0,01HQP4D4WSKM7HRK76MS8QETW0,United Kingdom,Prentice,P2A,London
A01HQP4D4WT09Y4T38H5ZHGGAVE,01HQP4D4WT09Y4T38H5ZHGGAVE,United Kingdom,Columbus,1717,Leeds
A01HQP4D4WV9F9WEP9ZWPVMTHN6,01HQP4D4WV9F9WEP9ZWPVMTHN6,Spain,Oxford,601423,Zaragoza
A01HQP4D4WWC28BH5WV1J69VGT8,01HQP4D4WWC28BH5WV1J69VGT8,Belgium,Sherman,EW60 7NC,Namur
A01HQP4D6JF6C0KA90XZC1NKHVK,01HQP4D6JF6C0KA90XZC1NKHVK,United Kingdom,Express,7000,Hull
A01HQP4D6JMNQSQ6FWYZYTRDFQX,01HQP4D6JMNQSQ6FWYZYTRDFQX,Spain,Dottie,HD8 0HG,Palma
A01HQP4D6JQ1P4ZBB439CHS05X1,01HQP4D6JQ1P4ZBB439CHS05X1,United Kingdom,Northfield,231 91,London
A01HQP4D6JTJKZ6593PWYDC32WE,01HQP4D6JTJKZ6593PWYDC32WE,Finland,Larry,32221,Espoo
A01HQP4D6JY5DEM2G87HPVTPTT1,01HQP4D6JY5DEM2G87HPVTPTT1,United Kingdom,Hagan,5924,Bristol
A01HQP4D6K19HXRGW04M88F7PXZ,01HQP4D6K19HXRGW04M88F7PXZ,Portugal,Towne,51000,Porto
A01HQP4D6K568RC7GT44ETJX5GE,01HQP4D6K568RC7GT44ETJX5GE,Scotland,Pennsylvania,JN09 2CJ,Kirkcaldy
A01HQP4D6K8C8QB3BF9EG5T834W,01HQP4D6K8C8QB3BF9EG5T834W,United Kingdom,Pepper Wood,513 91,London
A01HQP4D6KCVMTK079T42ARQEW4,01HQP4D6KCVMTK079T42ARQEW4,United Kingdom,Grover,VK5 4TD,London
A01HQP4D6KFXR9YM3H2AXDT789Y,01HQP4D6KFXR9YM3H2AXDT789Y,United Kingdom,Veith,403800,Nottingham
A01HQP4D6KJVY9S43CCTP25C8R0,01HQP4D6KJVY9S43CCTP25C8R0,Austria,Paget,89193,Graz
A01HQP4D6KM454M1ASC2ZHYHG2X,01HQP4D6KM454M1ASC2ZHYHG2X,United Kingdom,Sherman,Y98 6MQ,Birmingham
A01HQP4D6KPQV8N13B9NX37PZ7V,01HQP4D6KPQV8N13B9NX37PZ7V,United States,Warbler,YA4 2MJ,Seattle
A01HQP4D6KR0QB0H3V39T7SCX3Y,01HQP4D6KR0QB0H3V39T7SCX3Y,United Kingdom,Kipling,FK9 6MV,Leicester
A01HQP4D6KSDS578MN2SP5MFB2C,01HQP4D6KSDS578MN2SP5MFB2C,United States,Commercial,64-130,Houston
A01HQP4D6KWAFXXZ9KW80KADWNW,01HQP4D6KWAFXXZ9KW80KADWNW,United Kingdom,Myrtle,7740,London
A01HQP4D6KY2CW66JYK1G4J5S75,01HQP4D6KY2CW66JYK1G4J5S75,United Kingdom,Gale,D4 2AZ,Nottingham
A01HQP4D6M0Y1P41C7KABS57VHD,01HQP4D6M0Y1P41C7KABS57VHD,United Kingdom,Gateway,3080-222,Birmingham
A01HQP4D6M1JHD284JS4XVDBCGX,01HQP4D6M1JHD284JS4XVDBCGX,United Kingdom,Westend,Z5 5SQ,London
A01HQP4D6M31JPWW71HPDEYZMDM,01HQP4D6M31JPWW71HPDEYZMDM,Netherlands,Fairfield,1711,Amsterdam
A01HQP4D6M5N0XP4R9NZZJAF5R5,01HQP4D6M5N0XP4R9NZZJAF5R5,United Kingdom,Derek,190990,London
A01HQP4D6M6DJY0N0FK8DN55SY2,01HQP4D6M6DJY0N0FK8DN55SY2,United Kingdom,Mandrake,9970-244,Leicester
A01HQP4D6M89EEBBXVCCQCAW54D,01HQP4D6M89EEBBXVCCQCAW54D,United Kingdom,Grayhawk,FU88 4NX,Bristol
A01HQP4D6MG6QDG2XSRC9SXE70B,01HQP4D6MG6QDG2XSRC9SXE70B,United Kingdom,Mayer,8209,Portsmouth
A01HQP4D6MJNSCDJRD23M7A3532,01HQP4D6MJNSCDJRD23M7A3532,China,Forest Dale,513 01,Beijing
A01HQP4D6MK3BN93ECJQ8E7K4RS,01HQP4D6MK3BN93ECJQ8E7K4RS,United Kingdom,Hudson,H9 0BE,London
A01HQP4D6MNYY20GXV58A6D6GJW,01HQP4D6MNYY20GXV58A6D6GJW,France,Kings,K5 0XC,Nantes
A01HQP4D6MQJYMEWE8YT3TRZVBX,01HQP4D6MQJYMEWE8YT3TRZVBX,China,Spenser,100 52,Shanghai
A01HQP4D6MR8QKN37ND0CSF3XSB,01HQP4D6MR8QKN37ND0CSF3XSB,United Kingdom,Fordem,65480-000,Sheffield
A01HQP4D6MTJF3NN7HMVBR9KNM0,01HQP4D6MTJF3NN7HMVBR9KNM0,Spain,Victoria,G9 4ZQ,Seville
A01HQP4D6MVQP06D5BCM6FADF4Q,01HQP4D6MVQP06D5BCM6FADF4Q,United States,Arapahoe,35890,New York City
A01HQP4D6P0Z88ZPEGAV6CZZ8Z5,01HQP4D6P0Z88ZPEGAV6CZZ8Z5,United Kingdom,Cordelia,78490,London
A01HQP4D6P2HCRXRTFMB2Y778DC,01HQP4D6P2HCRXRTFMB2Y778DC,United Kingdom,Mcbride,HU4 0NB,London
A01HQP4D6P4NPDXRNPWZJWSP8K4,01HQP4D6P4NPDXRNPWZJWSP8K4,United Kingdom,Pepper Wood,66622,London
A01HQP4D6P5WBMB22JXPW1FXS80,01HQP4D6P5WBMB22JXPW1FXS80,United Kingdom,Bartillon,Z21 8KW,Edinburgh
A01HQP4D6P7W40W0GW86W2YWJ8M,01HQP4D6P7W40W0GW86W2YWJ8M,United Kingdom,Vernon,5914,London
A01HQP4D6P93RM5QBTJQ649Z1M9,01HQP4D6P93RM5QBTJQ649Z1M9,Belgium,Waxwing,2420-031,Leuven
A01HQP4D6PF2Q2V7C9HCXEHXGV7,01HQP4D6PF2Q2V7C9HCXEHXGV7,United Kingdom,Blue Bill Park,EE4 9LP,Leicester
A01HQP4D6PHYV1NQ1XVZE9NSMSE,01HQP4D6PHYV1NQ1XVZE9NSMSE,United Kingdom,Sommers,W27 5ZK,Nottingham
A01HQP4D6PK41GC568FNYH0HD7H,01HQP4D6PK41GC568FNYH0HD7H,United Kingdom,Vidon,9222,Leeds
A01HQP4D6PMTV5B8EJWQEWV1Y7V,01HQP4D6PMTV5B8EJWQEWV1Y7V,Belgium,Knutson,H4 9US,Aalst
A01HQP4D6PPBEXTSZPKWH64AYTT,01HQP4D6PPBEXTSZPKWH64AYTT,United Kingdom,Nova,2785-025,London
A01HQP4D6PR18JT16051Y0PHSNN,01HQP4D6PR18JT16051Y0PHSNN,United Kingdom,Larry,V80 7KC,Glasgow
A01HQP4D6PWK3AEGXMJC74W36C6,01HQP4D6PWK3AEGXMJC74W36C6,United Kingdom,Tomscot,BX67 6UR,London
A01HQP4D6PYA2F0A1EZRM9CTFN8,01HQP4D6PYA2F0A1EZRM9CTFN8,United Kingdom,Northview,C36 9BP,London
A01HQP4D6PZNPS3B58RNHY06J7Y,01HQP4D6PZNPS3B58RNHY06J7Y,United Kingdom,Veith,WS06 9HO,London
A01HQP4D6Q1GPAVF878R0AK6CMX,01HQP4D6Q1GPAVF878R0AK6CMX,United Kingdom,Forest Run,M3 3VH,Edinburgh
A01HQP4D6Q2668QNQZEHKB4YVW8,01HQP4D6Q2668QNQZEHKB4YVW8,United Kingdom,Pennsylvania,W66 8UH,Southampton
A01HQP4D6Q48A6JB99DVVEYGWBQ,01HQP4D6Q48A6JB99DVVEYGWBQ,Italy,Artisan,ZP51 9YR,Rome
A01HQP4D6Q6B2MT1KEZV1SN7MJM,01HQP4D6Q6B2MT1KEZV1SN7MJM,China,Rieder,3712,Beijing
A01HQP4D6Q7JA9HNFVEFFVH8S3R,01HQP4D6Q7JA9HNFVEFFVH8S3R,Norway,Pearson,L1 0IM,Drammen
A01HQP4D6Q9M38Q7XWCW1E8MH3Z,01HQP4D6Q9M38Q7XWCW1E8MH3Z,Finland,Mandrake,E8 2JZ,Kuopio
A01HQP4D6QAR0FJ1J773NFRK3TC,01HQP4D6QAR0FJ1J773NFRK3TC,Germany,Moose,O87 7SK,Cologne
A01HQP4D6QCVYC8C5YEGSZD8WF1,01HQP4D6QCVYC8C5YEGSZD8WF1,United Kingdom,Basil,U0 7YP,Manchester
A01HQP4D6QDTH1N8S7NHYD1G2S7,01HQP4D6QDTH1N8S7NHYD1G2S7,Northern Ireland,Washington,10607,Carrickfergus
A01HQP4D6QFJ07JFR8FV3YHXJWG,01HQP4D6QFJ07JFR8FV3YHXJWG,United Kingdom,Dayton,VO5 9AK,London
A01HQP4D6QG7WSNWEBFZS6GHGFB,01HQP4D6QG7WSNWEBFZS6GHGFB,United Kingdom,Kenwood,11-440,Coventry
A01HQP4D6QJX1QXBMPQHVM7DCAW,01HQP4D6QJX1QXBMPQHVM7DCAW,Switzerland,Novick,7933,LaUnited Statesnne
A01HQP4D6QKRR046CBBFNFZA5NR,01HQP4D6QKRR046CBBFNFZA5NR,China,1st,8223,Chengdu
A01HQP4D6QNN7MAY25SER5DJNR7,01HQP4D6QNN7MAY25SER5DJNR7,Switzerland,American,4905-014,Lugano
A01HQP4D6QPZC5DVTN72QAZ7PQK,01HQP4D6QPZC5DVTN72QAZ7PQK,United Kingdom,Old Gate,II37 5YV,Manchester
A01HQP4D6QRRCZ480H655ENX9VS,01HQP4D6QRRCZ480H655ENX9VS,Italy,Waubesa,K5 4OL,Naples
A01HQP4D4KWJN8EV22YYYREK0R9,01HQP4D4KWJN8EV22YYYREK0R9,United States,Stang,2510-037,New York City
A01HQP4D4M0RFRS6AQGT047NA6Z,01HQP4D4M0RFRS6AQGT047NA6Z,Austria,Grover,694 24,Salzburg
A01HQP4D4M4BS462897896GE1TX,01HQP4D4M4BS462897896GE1TX,United States,Ronald Regan,22840,"Washington, D.C."
A01HQP4D4M7HZVV7KW8WVVY0JJZ,01HQP4D4M7HZVV7KW8WVVY0JJZ,United Kingdom,Manley,611 24,London
A01HQP4D4MAJVHSJCFAABCZ2SAJ,01HQP4D4MAJVHSJCFAABCZ2SAJ,United Kingdom,Boyd,L4 2NY,London
A01HQP4D4MDJ22C98KNN1KXP2FC,01HQP4D4MDJ22C98KNN1KXP2FC,United Kingdom,Golden Leaf,371,London
A01HQP4D4ME57GNXNN4QM0RG1FC,01HQP4D4ME57GNXNN4QM0RG1FC,United Kingdom,Pine View,MS38 2BV,London
A01HQP4D4MG9BTDRBZJXPMMCKZR,01HQP4D4MG9BTDRBZJXPMMCKZR,Wales,Badeau,188855,Bridgend
A01HQP4D4MJ47MGZ929EYG391JR,01HQP4D4MJ47MGZ929EYG391JR,United Kingdom,Pankratz,L81 2MX,Leeds
A01HQP4D4MMTSY7TJXMS8T3XY9F,01HQP4D4MMTSY7TJXMS8T3XY9F,South Korea,Karstens,DL11 4AE,Ulsan
A01HQP4D4MNP8SY9DZ5C1Y6P509,01HQP4D4MNP8SY9DZ5C1Y6P509,United Kingdom,Melrose,5152,London
A01HQP4D4MQ29SBEF8YQX93MF4C,01HQP4D4MQ29SBEF8YQX93MF4C,Portugal,Lukken,BI6 8GZ,Set¨²bal
A01HQP4D4MSY256KEFQSG3BTKSS,01HQP4D4MSY256KEFQSG3BTKSS,United Kingdom,Dexter,368150,Bristol
A01HQP4D4MV3T2RE094CYEXB2GK,01HQP4D4MV3T2RE094CYEXB2GK,United Kingdom,Vernon,10807,Portsmouth
A01HQP4D4MWPEZXZN1NSQERHH18,01HQP4D4MWPEZXZN1NSQERHH18,United Kingdom,Columbus,35160-000,Leeds
A01HQP4D4MY52KDVHSN3WJPM9R1,01HQP4D4MY52KDVHSN3WJPM9R1,United Kingdom,Londonderry,OW13 3TV,Belfast
A01HQP4D4N0MTZJXKCW4H9NGQ9B,01HQP4D4N0MTZJXKCW4H9NGQ9B,China,Amoth,OX79 2PU,Nanjing
A01HQP4D4N1Q2PAPXNDJ6VXBTAJ,01HQP4D4N1Q2PAPXNDJ6VXBTAJ,Norway,Hazelcrest,54009 CEDEX,Trondheim
A01HQP4D4N38YV7Y0DZ445A5521,01HQP4D4N38YV7Y0DZ445A5521,United Kingdom,Susan,U0 5GF,London
A01HQP4D4N57P44SKWR6SQ8Q9HB,01HQP4D4N57P44SKWR6SQ8Q9HB,United Kingdom,Delaware,RC2 7RF,Bristol
A01HQP4D4N6YSZBB39DD8596DDA,01HQP4D4N6YSZBB39DD8596DDA,United Kingdom,Sunbrook,518-0875,Sheffield
A01HQP4D4N8Z7G3QNS18HAK9MJP,01HQP4D4N8Z7G3QNS18HAK9MJP,Switzerland,Waywood,11604,Bern
A01HQP4D4NAAFN7M2M0MSAQVJXB,01HQP4D4NAAFN7M2M0MSAQVJXB,Iceland,Erie,9220,Gar?ab?r
A01HQP4D4NBPDCJZCRPKNDE5713,01HQP4D4NBPDCJZCRPKNDE5713,Finland,Shoshone,30674,Helsinki
A01HQP4D4ND5DGQ95P9ZYWKAYPH,01HQP4D4ND5DGQ95P9ZYWKAYPH,Sweden,Walton,658810,Uppsala
A01HQP4D4NF8C9Y92K5AF672ME7,01HQP4D4NF8C9Y92K5AF672ME7,United Kingdom,Sloan,R7 8FB,Southampton
A01HQP4D4NGWCETR1RWR1VXM529,01HQP4D4NGWCETR1RWR1VXM529,United Kingdom,Ludington,NH94 8JN,Sheffield
A01HQP4D4NJRSFE84EX528YB4MF,01HQP4D4NJRSFE84EX528YB4MF,United Kingdom,Oriole,215,Manchester
A01HQP4D4NMFB1JZ8TPG7DS2S11,01HQP4D4NMFB1JZ8TPG7DS2S11,United Kingdom,Graceland,MF03 2FG,Birmingham
A01HQP4D4NP48QTBHG3J311TMC2,01HQP4D4NP48QTBHG3J311TMC2,Wales,Moland,93691 CEDEX,Llanelli
A01HQP4D4NRDW1PXB9ECGZG0DVD,01HQP4D4NRDW1PXB9ECGZG0DVD,United Kingdom,Carpenter,L2 6AK,Newcastle upon Tyne
A01HQP4D78TZCX81X42WB78345R,01HQP4D78TZCX81X42WB78345R,United Kingdom,Hoffman,ZP9 1CZ,Reading
A01HQP4D78WKYWDEGCJE8SH61MC,01HQP4D78WKYWDEGCJE8SH61MC,United Kingdom,John Wall,DD06 4UG,Manchester
A01HQP4D78XSA9AWKBD9EJH79WH,01HQP4D78XSA9AWKBD9EJH79WH,United Kingdom,Pond,152,Coventry
A01HQP4D78ZXYGSBEC4REZB032Y,01HQP4D78ZXYGSBEC4REZB032Y,Spain,Rusk,3297,Palma
A01HQP4D791TPC18S6BK5F1P1BW,01HQP4D791TPC18S6BK5F1P1BW,United Kingdom,Coleman,11130,London
A01HQP4D792GTC7SCF65QYSTQ4E,01HQP4D792GTC7SCF65QYSTQ4E,China,Delladonna,10801,Beijing
A01HQP4D794Z3DR4KP7AWJTKVKX,01HQP4D794Z3DR4KP7AWJTKVKX,India,Quincy,7504,Ahmedabad
A01HQP4D795SKHXG9ACSF1V25E3,01HQP4D795SKHXG9ACSF1V25E3,Germany,Quincy,WR38 1VW,Dortmund
A01HQP4D797T67TNM63NP3JP21X,01HQP4D797T67TNM63NP3JP21X,Austria,Lighthouse Bay,S4 6EE,Innsbruck
A01HQP4D798WSB8VNPPPHYSPHYY,01HQP4D798WSB8VNPPPHYSPHYY,United Kingdom,Twin Pines,HO15 1PA,Newcastle upon Tyne
A01HQP4D79ARNP1W1QR0TD9TZB5,01HQP4D79ARNP1W1QR0TD9TZB5,Portugal,Stone Corner,658065,Braga
A01HQP4D79B7B2HP53PHTNFKWBM,01HQP4D79B7B2HP53PHTNFKWBM,United Kingdom,Comanche,853-0704,Manchester
A01HQP4D79DCYY3RMMTTE26S1QR,01HQP4D79DCYY3RMMTTE26S1QR,Switzerland,Lillian,96928,Lucerne
A01HQP4D79E2Q38VWJC47QXSWKV,01HQP4D79E2Q38VWJC47QXSWKV,Austria,Mayer,LN29 0IZ,Linz
A01HQP4D79GMACY6B091Y86JFQ8,01HQP4D79GMACY6B091Y86JFQ8,United Kingdom,Debs,6334,Leeds
A01HQP4D79H6FYF1FJBR8NKJBAC,01HQP4D79H6FYF1FJBR8NKJBAC,Netherlands,Vidon,V29 8JX,Breda
A01HQP4D79K1Y43991ZMVTFVEXY,01HQP4D79K1Y43991ZMVTFVEXY,United Kingdom,Towne,4835-541,Cardiff
A01HQP4D79MK6YVPAGWW38ECQG2,01HQP4D79MK6YVPAGWW38ECQG2,United Kingdom,Harper,K7V,Coventry
A01HQP4D79PWPXRJNFASHJCWKQZ,01HQP4D79PWPXRJNFASHJCWKQZ,United Kingdom,New Castle,161140,Birmingham
A01HQP4D79RCQFK9AK3EM5YBVGD,01HQP4D79RCQFK9AK3EM5YBVGD,United Kingdom,Londonderry,PE4 7WX,Portsmouth
A01HQP4D79S0V7WGER3B3D3Z2RE,01HQP4D79S0V7WGER3B3D3Z2RE,France,Carey,162673,Strasbourg
A01HQP4D79V3JZ4HYEXME27YHJQ,01HQP4D79V3JZ4HYEXME27YHJQ,United States,Bellgrove,RV2 4JV,Chicago
A01HQP4D79WJMD7CN7EF3BJ6VD4,01HQP4D79WJMD7CN7EF3BJ6VD4,Austria,Farmco,XV3 7IB,Vienna
A01HQP4D79X8DSR8JMMMJZSSRJS,01HQP4D79X8DSR8JMMMJZSSRJS,United Kingdom,Nobel,18800-000,London
A01HQP4D79YW57ABEGAZ0GA3ZZY,01HQP4D79YW57ABEGAZ0GA3ZZY,United Kingdom,Novick,262 80,Leeds
A01HQP4D79ZZ9615DKHBV7404FJ,01HQP4D79ZZ9615DKHBV7404FJ,Denmark,Cambridge,WQ30 9IG,Gentofte
A01HQP4D7A06T5V0CVJDKRT5KV8,01HQP4D7A06T5V0CVJDKRT5KV8,Spain,Sherman,86054 CEDEX 9,Barcelona
A01HQP4D7A1Y09EDEC7ACF0C9Q8,01HQP4D7A1Y09EDEC7ACF0C9Q8,United Kingdom,Crownhardt,O0 2SV,Nottingham
A01HQP4D7A39P0P1D5XK0QKDJYZ,01HQP4D7A39P0P1D5XK0QKDJYZ,Germany,Washington,M67 3YH,Frankfurt
A01HQP4D7A5YJAFRYAPG8S7ZJTD,01HQP4D7A5YJAFRYAPG8S7ZJTD,United Kingdom,Macpherson,F90 6KR,Aberdeen
A01HQP4D7A7NHVZEW25GDVPJHYS,01HQP4D7A7NHVZEW25GDVPJHYS,United Kingdom,Mallard,747 33,London
A01HQP4D534AMED8FCR3VRVT8H2,01HQP4D534AMED8FCR3VRVT8H2,United Kingdom,Memorial,VQ69 6DR,Manchester
A01HQP4D537NN4G30BJC2EE8324,01HQP4D537NN4G30BJC2EE8324,Austria,Dorton,D44 3ZF,Salzburg
A01HQP4D53AEZ373DTF7HQEQ8A1,01HQP4D53AEZ373DTF7HQEQ8A1,Spain,Chinook,L08 9GH,Zaragoza
A01HQP4D53CCA5H6JT37T766HXV,01HQP4D53CCA5H6JT37T766HXV,United Kingdom,Coolidge,P64 0QJ,Southampton
A01HQP4D53FAMBW98YMSJB2Q38T,01HQP4D53FAMBW98YMSJB2Q38T,United States,Monument,MJ8 8TI,New York City
A01HQP4D53HMQYWWEMKH95JM87J,01HQP4D53HMQYWWEMKH95JM87J,United Kingdom,Reindahl,YQ0 8XF,Manchester
A01HQP4D53MKKN9H2FM2RC6CZ5E,01HQP4D53MKKN9H2FM2RC6CZ5E,Northern Ireland,Victoria,X40 4WL,Lisburn
A01HQP4D53PGSEARGGQK2RQKNCZ,01HQP4D53PGSEARGGQK2RQKNCZ,United Kingdom,Lerdahl,51601,London
A01HQP4D53RV4KCYWEYW4D1KH3A,01HQP4D53RV4KCYWEYW4D1KH3A,Switzerland,Rockefeller,81506 CEDEX,Bern
A01HQP4D53T6ZRWE252GCPB411Q,01HQP4D53T6ZRWE252GCPB411Q,United States,Mcbride,IW2 3RR,Seattle
A01HQP4D53XJJF91082R462FZ28,01HQP4D53XJJF91082R462FZ28,United Kingdom,Crownhardt,27260,London
A01HQP4D53Z2YVHDAZTFJD0438T,01HQP4D53Z2YVHDAZTFJD0438T,Germany,2nd,Y9 4LZ,D¨¹sseldorf
A01HQP4D541H57DHFDDVRYTFRGK,01HQP4D541H57DHFDDVRYTFRGK,Sweden,Petterle,4950-703,Gothenburg
A01HQP4D5442Y7WW1GGBACC53NP,01HQP4D5442Y7WW1GGBACC53NP,United Kingdom,Duke,IH8 3EH,Hull
A01HQP4D546K2AXK0R1XXD37G1K,01HQP4D546K2AXK0R1XXD37G1K,United Kingdom,Anhalt,AY6 7VE,Reading
A01HQP4D548R3EB3VWBSCJVEB6W,01HQP4D548R3EB3VWBSCJVEB6W,United Kingdom,Haas,3100,London
A01HQP4D54ARTAPR25KY7W60EWH,01HQP4D54ARTAPR25KY7W60EWH,China,Dovetail,P7 4JN,Wuhan
A01HQP4D54BZGMB2E5HJ13W460W,01HQP4D54BZGMB2E5HJ13W460W,United Kingdom,Ridgeview,31110,Leicester
A01HQP4D54DPQVEMSXBGQQ73XFR,01HQP4D54DPQVEMSXBGQQ73XFR,India,Dottie,794,Kolkata
A01HQP4D54F1FP8FYXKN349T6KG,01HQP4D54F1FP8FYXKN349T6KG,United Kingdom,Bowman,86083 CEDEX 9,London
A01HQP4D54HF1N8MK7MHKFJ11NV,01HQP4D54HF1N8MK7MHKFJ11NV,United Kingdom,Muir,Z36 2KF,London
A01HQP4D54JBHRN0WKMF9KCCH64,01HQP4D54JBHRN0WKMF9KCCH64,United Kingdom,Cardinal,21-404,London
A01HQP4D54MX9HBVBV1GTGNVRS3,01HQP4D54MX9HBVBV1GTGNVRS3,United Kingdom,Magdeline,SN11 2JA,London
A01HQP4D54P3RN3MK118PAWYYQK,01HQP4D54P3RN3MK118PAWYYQK,Belgium,Tennyson,UT58 8DR,Ghent
A01HQP4D54RR7VSMZWXAC9VX8QB,01HQP4D54RR7VSMZWXAC9VX8QB,United Kingdom,Ridgeview,Y45 5YQ,Coventry
A01HQP4D54S2TR2YTPPTF73FKMM,01HQP4D54S2TR2YTPPTF73FKMM,United Kingdom,Burning Wood,K37 9GO,Glasgow
A01HQP4D54VYC92C0STGV3G0QTP,01HQP4D54VYC92C0STGV3G0QTP,United Kingdom,Oneill,F08 8WV,London
A01HQP4D54X29J00GVKTFMTQWK9,01HQP4D54X29J00GVKTFMTQWK9,China,Grover,GT21 3XE,Shanghai
A01HQP4D54YSMQP43EP8TNQJD6D,01HQP4D54YSMQP43EP8TNQJD6D,United Kingdom,Johnson,W5 4XV,Bristol
A01HQP4D54ZK59EDDW3BQM1VJ1Z,01HQP4D54ZK59EDDW3BQM1VJ1Z,United Kingdom,Hanover,Z1 3FQ,London
A01HQP4D5504BH6SBMYKSRJDJMH,01HQP4D5504BH6SBMYKSRJDJMH,United Kingdom,Dayton,EU5 3IP,Edinburgh
A01HQP4CZRFKDNFC0C32JWJQ8MJ,01HQP4CZRFKDNFC0C32JWJQ8MJ,United Kingdom,Prentice,47600-000,London
A01HQP4CZRKXSAA26F96H4ZVFFS,01HQP4CZRKXSAA26F96H4ZVFFS,Northern Ireland,Arkansas,6344,Castlereagh
A01HQP4CZRNT5AHPHSHC6E9MN27,01HQP4CZRNT5AHPHSHC6E9MN27,United Kingdom,Golf,E49 3GF,Newcastle upon Tyne
A01HQP4CZRRZBQWP6DFDMQH5YW4,01HQP4CZRRZBQWP6DFDMQH5YW4,United Kingdom,Shopko,164020,Leeds
A01HQP4CZRTG3C2Q7YT1XF4FB24,01HQP4CZRTG3C2Q7YT1XF4FB24,United Kingdom,Buell,DP0 6TP,London
A01HQP4CZRWFWBFMES4C8NXFR4W,01HQP4CZRWFWBFMES4C8NXFR4W,United Kingdom,Kipling,HL08 6OI,Cardiff
A01HQP4CZRZE1MF5H9EQ9S8HC4P,01HQP4CZRZE1MF5H9EQ9S8HC4P,United States,Morrow,WI38 4US,"Washington, D.C."
A01HQP4CZS21RC51RBV566WXWVX,01HQP4CZS21RC51RBV566WXWVX,United Kingdom,Amoth,83320-000,London
A01HQP4CZS4G5XQQ535V2FX4T8B,01HQP4CZS4G5XQQ535V2FX4T8B,United States,Pine View,QD57 1MF,Houston
A01HQP4CZS6TAB42VFCJJSEYVA9,01HQP4CZS6TAB42VFCJJSEYVA9,Netherlands,Spenser,PU8 2OI,Nijmegen
A01HQP4CZS9PD19FKHFBFRKGD0B,01HQP4CZS9PD19FKHFBFRKGD0B,United Kingdom,Corscot,YP9 9SL,London
A01HQP4CZSCTBKSQFCEJ353C244,01HQP4CZSCTBKSQFCEJ353C244,United Kingdom,Toban,10030,Glasgow
A01HQP4CZSEMT27PCR885R67G5E,01HQP4CZSEMT27PCR885R67G5E,Denmark,Sloan,M7 9JF,Kolding
A01HQP4CZSH057MT75XN62G6298,01HQP4CZSH057MT75XN62G6298,United Kingdom,Parkside,W6 9AG,London
A01HQP4CZSK1CGWZQRE5C2KJS7F,01HQP4CZSK1CGWZQRE5C2KJS7F,Austria,Caliangt,L-5754,Villach
A01HQP4CZSP222FPEQ23GTSQ51T,01HQP4CZSP222FPEQ23GTSQ51T,South Korea,Trailsway,Y2 7CK,Seoul
A01HQP4CZSS4YM9NTD1VEAA7N5W,01HQP4CZSS4YM9NTD1VEAA7N5W,United Kingdom,Norway Maple,527-0087,Belfast
A01HQP4CZSVVZD8KMYB6X1KFC15,01HQP4CZSVVZD8KMYB6X1KFC15,United Kingdom,Sunbrook,Z3 9GY,Hull
A01HQP4CZSYTYTH0P6MTCP8EERM,01HQP4CZSYTYTH0P6MTCP8EERM,Belgium,Sachtjen,O7 9DB,Brussels
A01HQP4CZT0W140ANJBYZ815JEB,01HQP4CZT0W140ANJBYZ815JEB,United Kingdom,Montana,69000-000,Sheffield
A01HQP4CZT34M8A42CQY33KHS23,01HQP4CZT34M8A42CQY33KHS23,Belgium,Northport,94631 CEDEX 1,Charleroi
A01HQP4CZT68YPNV9P8ZWCJHPST,01HQP4CZT68YPNV9P8ZWCJHPST,United Kingdom,Brown,C1 3AN,Cardiff
A01HQP4CZT8AWRAFD36CATBH1JF,01HQP4CZT8AWRAFD36CATBH1JF,Sweden,Fair Oaks,9201,Stockholm
A01HQP4CZTBCJ4YRSHQPSGNPQCT,01HQP4CZTBCJ4YRSHQPSGNPQCT,Scotland,Lunder,L-4354,Edinburgh
A01HQP4CZTDY0XFPV2F9Z3SRH2E,01HQP4CZTDY0XFPV2F9Z3SRH2E,United Kingdom,Helena,XV71 9LE,Manchester
A01HQP4CZTFTG4F9BVRQ2PKTDWY,01HQP4CZTFTG4F9BVRQ2PKTDWY,United Kingdom,Sunbrook,650,Birmingham
A01HQP4CZTGP0AP9P8NGRP3G5E1,01HQP4CZTGP0AP9P8NGRP3G5E1,United States,Charing Cross,2405,New York City
A01HQP4CZTJ22JDPA0859N501FB,01HQP4CZTJ22JDPA0859N501FB,United Kingdom,Declaration,753 62,Edinburgh
A01HQP4CZTM8W68DCXCKRCGTJVD,01HQP4CZTM8W68DCXCKRCGTJVD,United Kingdom,Granby,VQ71 7VQ,Edinburgh
A01HQP4CZTNZ7C1EG36C4ADQYQP,01HQP4CZTNZ7C1EG36C4ADQYQP,United Kingdom,Grim,QH12 6SB,Leeds
A01HQP4CZTQM1GGNF702TD5X3DR,01HQP4CZTQM1GGNF702TD5X3DR,United Kingdom,Dottie,RH32 4US,London
A01HQP4D2T80HNT1JAF6CQ32KRD,01HQP4D2T80HNT1JAF6CQ32KRD,United Kingdom,Sunfield,164 91,London
A01HQP4D2TBYAWYY5AFYS7SK90T,01HQP4D2TBYAWYY5AFYS7SK90T,United Kingdom,Northfield,96960,Glasgow
A01HQP4D2TEBVRBKV3W36JW8970,01HQP4D2TEBVRBKV3W36JW8970,Germany,Summerview,Y7 6DC,D¨¹sseldorf
A01HQP4D2TGNHS6GGJ9SWN2YKAN,01HQP4D2TGNHS6GGJ9SWN2YKAN,United States,Cardinal,63-460,Fort Worth
A01HQP4D2TJ2QRVTJPQE30F821C,01HQP4D2TJ2QRVTJPQE30F821C,United Kingdom,Manufacturers,Z7 0VE,Manchester
A01HQP4D2TMV6QTFY71HRC7NRH1,01HQP4D2TMV6QTFY71HRC7NRH1,United Kingdom,Florence,A6 3LJ,London
A01HQP4D2TP66E56ZJRC48SKK77,01HQP4D2TP66E56ZJRC48SKK77,United Kingdom,Chive,E02 3KO,Coventry
A01HQP4D2TRK6TEP49N4CH3915P,01HQP4D2TRK6TEP49N4CH3915P,Italy,Boyd,XF1 3LD,Milan
A01HQP4D2TTE0D9HZSECY4VWVAF,01HQP4D2TTE0D9HZSECY4VWVAF,United Kingdom,Cambridge,QI2 4IX,Aberdeen
A01HQP4D2TW6K75NCE477A9N86G,01HQP4D2TW6K75NCE477A9N86G,Denmark,Burrows,1135,Aalborg
A01HQP4D2TY1JZT2RDSN0GC7XMM,01HQP4D2TY1JZT2RDSN0GC7XMM,France,Springview,V17 9PQ,Nice
A01HQP4D2V199M8W9PAVG7QWFPP,01HQP4D2V199M8W9PAVG7QWFPP,Belgium,South,N6 8AP,Mons
A01HQP4D2V358RB2397DG2K78YF,01HQP4D2V358RB2397DG2K78YF,United Kingdom,Alpine,183 65,Edinburgh
A01HQP4D2V5AXN6ZN8RF1FPZ2M6,01HQP4D2V5AXN6ZN8RF1FPZ2M6,United States,Westend,39440-000,Charlotte
A01HQP4D2V72D1461KYDFR6C8GC,01HQP4D2V72D1461KYDFR6C8GC,United Kingdom,Mockingbird,XO8 8RW,Bristol
A01HQP4D2V9FPZ4D6NJFB3E0EY1,01HQP4D2V9FPZ4D6NJFB3E0EY1,United States,Truax,DO31 9HL,Jacksonville
A01HQP4D2VBVN6GK9QJ0Y1HAKST,01HQP4D2VBVN6GK9QJ0Y1HAKST,United Kingdom,Loftsgordon,48120,Nottingham
A01HQP4D2VEC6ZQV5SZN1WD45A7,01HQP4D2VEC6ZQV5SZN1WD45A7,United Kingdom,Oak,301767,London
A01HQP4D2VG10065GP60QK4M8YM,01HQP4D2VG10065GP60QK4M8YM,United Kingdom,Harbort,D1 9GN,London
A01HQP4D2VJ6T87S46JE8N03AGF,01HQP4D2VJ6T87S46JE8N03AGF,United Kingdom,Ronald Regan,FI77 1XW,Birmingham
A01HQP4D2VMM100ERKDQ0GS7G0X,01HQP4D2VMM100ERKDQ0GS7G0X,Wales,Charing Cross,602 24,Newport
A01HQP4D2VP32P3WH92TQT40T4Y,01HQP4D2VP32P3WH92TQT40T4Y,Netherlands,Thackeray,TT6 3OJ,Groningen
A01HQP4D2VR91YDK4EYJRYD81YN,01HQP4D2VR91YDK4EYJRYD81YN,United Kingdom,Bashford,14790-000,Coventry
A01HQP4D2VTA5RGH747FM63JYYA,01HQP4D2VTA5RGH747FM63JYYA,United Kingdom,Oxford,55515-000,Edinburgh
A01HQP4D2VWPGW3D2Q0R3VMVSPK,01HQP4D2VWPGW3D2Q0R3VMVSPK,Scotland,Waywood,32-765,Inverness
A01HQP4D2VXMCFZ9641TANEXEK4,01HQP4D2VXMCFZ9641TANEXEK4,United States,Kropf,P16 7FN,Fort Worth
A01HQP4D2VZYR34GJH15YNZTNJZ,01HQP4D2VZYR34GJH15YNZTNJZ,United Kingdom,Golden Leaf,06182 CEDEX 2,London
A01HQP4D2W1N72K3P4X0W3YJNV2,01HQP4D2W1N72K3P4X0W3YJNV2,United Kingdom,Emmet,70593,London
A01HQP4D2W3CVBXXZ9ZC6J1HPQA,01HQP4D2W3CVBXXZ9ZC6J1HPQA,United Kingdom,Lighthouse Bay,S79 4PB,Leeds
A01HQP4D2W4ASKT45D3ASGG4B4N,01HQP4D2W4ASKT45D3ASGG4B4N,United Kingdom,Continental,CM65 5SF,Edinburgh
A01HQP4D2W6QTQ3Z8271KS5PJ6K,01HQP4D2W6QTQ3Z8271KS5PJ6K,Finland,Farmco,IN5 1ZM,Jyv?skyl?
A01HQP4D3YRRSGHMMABAHXGDBJ0,01HQP4D3YRRSGHMMABAHXGDBJ0,Denmark,Melby,403 39,Gladsaxe
A01HQP4D3YV46Z93PZWBVQZNVYD,01HQP4D3YV46Z93PZWBVQZNVYD,Italy,3rd,35435 CEDEX,Genoa
A01HQP4D3YYMY5N7RW55KG2H14D,01HQP4D3YYMY5N7RW55KG2H14D,Scotland,Lerdahl,P0 2SF,Perth
A01HQP4D3Z0Q64DGDXXQ41Q7XNS,01HQP4D3Z0Q64DGDXXQ41Q7XNS,France,Hooker,GZ83 6QP,Bordeaux
A01HQP4D3Z2VM64A7KH8K6X17W0,01HQP4D3Z2VM64A7KH8K6X17W0,Sweden,Maywood,F4 8AT,Norrk?ping
A01HQP4D3Z4M9KA8T4Q7EC7W42B,01HQP4D3Z4M9KA8T4Q7EC7W42B,United Kingdom,Northport,789 01,Bristol
A01HQP4D3Z74YV85J7FE7QK71G4,01HQP4D3Z74YV85J7FE7QK71G4,United Kingdom,Meadow Valley,YW23 9BU,London
A01HQP4D3Z9CWYBZKPMMM3F4T7W,01HQP4D3Z9CWYBZKPMMM3F4T7W,United Kingdom,David,6401,Coventry
A01HQP4D3ZB6W8PZM6DDRNBMMJF,01HQP4D3ZB6W8PZM6DDRNBMMJF,United Kingdom,Gateway,391710,London
A01HQP4D3ZD9ZFXYVMB4G2DSCQB,01HQP4D3ZD9ZFXYVMB4G2DSCQB,United Kingdom,Onsgard,DK0 2FS,Leeds
A01HQP4D3ZF33XQ3K69D32JHA1P,01HQP4D3ZF33XQ3K69D32JHA1P,United Kingdom,Katie,RX7 8BJ,Birmingham
A01HQP4D3ZHX6Q8HT4BYDQ32SKX,01HQP4D3ZHX6Q8HT4BYDQ32SKX,France,8th,Q4 4HI,Lille
A01HQP4D3ZKKCESPDJ50PQ66AE1,01HQP4D3ZKKCESPDJ50PQ66AE1,Italy,Veith,OX3 4YE,Palermo
A01HQP4D3ZP519AKKARPX46DK6T,01HQP4D3ZP519AKKARPX46DK6T,Switzerland,Carberry,73209 CEDEX,Lucerne
A01HQP4D3ZRCG0P7BTEAK9W7GXK,01HQP4D3ZRCG0P7BTEAK9W7GXK,South Korea,Thackeray,Z2 2VC,BUnited Statesn
A01HQP4D3ZTMYN2HNG2Q0NEC1HC,01HQP4D3ZTMYN2HNG2Q0NEC1HC,United Kingdom,Daystar,2912,Glasgow
A01HQP4D3ZXB3V4KFR9YNFAPECK,01HQP4D3ZXB3V4KFR9YNFAPECK,Netherlands,Clarendon,L9S,The Hague
A01HQP4D3ZZ8CGVZG8XKABW711C,01HQP4D3ZZ8CGVZG8XKABW711C,United Kingdom,Laurel,5602,Coventry
A01HQP4D40177G35BVC4J35BECE,01HQP4D40177G35BVC4J35BECE,United Kingdom,Village,752 01,Leeds
A01HQP4D4031Y2Z1Y6SRX31JD01,01HQP4D4031Y2Z1Y6SRX31JD01,United Kingdom,Shelley,VE4 9TJ,Reading
A01HQP4D406CYBHTRQ4CGSKRV62,01HQP4D406CYBHTRQ4CGSKRV62,United Kingdom,Butterfield,98824,Southampton
A01HQP4D4085SNCVWB1CWKSHY49,01HQP4D4085SNCVWB1CWKSHY49,United Kingdom,Nevada,N43 5DJ,Aberdeen
A01HQP4D40ACB50TCBS6Z3ZVC2G,01HQP4D40ACB50TCBS6Z3ZVC2G,United Kingdom,Manley,13540,Manchester
A01HQP4D40C72XTQ4XT96EKJAVB,01HQP4D40C72XTQ4XT96EKJAVB,Switzerland,Sunfield,34-321,Winterthur
A01HQP4D40EBTTZYRQRRWC4SFFB,01HQP4D40EBTTZYRQRRWC4SFFB,United Kingdom,Bartelt,QZ3 7US,London
A01HQP4D40FG2ZAAW8E4DE8DF95,01HQP4D40FG2ZAAW8E4DE8DF95,United Kingdom,Sutherland,47134,Nottingham
A01HQP4D40HN0ZQV0X8A7X9P3J7,01HQP4D40HN0ZQV0X8A7X9P3J7,Ireland,Lerdahl,307450,Navan
A01HQP4D40KWRK2DHSQQV1HHRXH,01HQP4D40KWRK2DHSQQV1HHRXH,United Kingdom,Fallview,PB58 2DT,Birmingham
A01HQP4D40MNYJNVB84QQY9A4HX,01HQP4D40MNYJNVB84QQY9A4HX,France,7th,Z59 3DQ,Lyon
A01HQP4D40P08Y9RY57YCKMVT1V,01HQP4D40P08Y9RY57YCKMVT1V,United Kingdom,Eastlawn,31761,Portsmouth
A01HQP4D40QK0TH0TB67TSYEQGG,01HQP4D40QK0TH0TB67TSYEQGG,United Kingdom,Hovde,UJ4 3GE,Newcastle upon Tyne
A01HQP4D592KSP10HK1VB4WCSZP,01HQP4D592KSP10HK1VB4WCSZP,United Kingdom,Delladonna,PN86 2UR,Birmingham
A01HQP4D594DB2PN5WW6JYV73A6,01HQP4D594DB2PN5WW6JYV73A6,United Kingdom,Clove,77484 CEDEX,Manchester
A01HQP4D5960KBFETVPKBR9C9DS,01HQP4D5960KBFETVPKBR9C9DS,Germany,Muir,IH91 5LL,Cologne
A01HQP4D598K97JTYG4BZ2JGFEJ,01HQP4D598K97JTYG4BZ2JGFEJ,United Kingdom,Cardinal,9512,Sheffield
A01HQP4D59B89MA8W9VVDJ92BQC,01HQP4D59B89MA8W9VVDJ92BQC,United Kingdom,Arrowood,DC4 8ST,Southampton
A01HQP4D59CFVGRPX44DVPGF45Z,01HQP4D59CFVGRPX44DVPGF45Z,Germany,Waywood,F0 3BE,Munich
A01HQP4D59G42V758BMGVQJDBTE,01HQP4D59G42V758BMGVQJDBTE,China,Mallard,M6 8TX,Guangzhou
A01HQP4D59JFMCZ34RSMVMJ8V37,01HQP4D59JFMCZ34RSMVMJ8V37,United Kingdom,Holy Cross,NL6 2BG,London
A01HQP4D59MPXE11H1K0E9GXYDN,01HQP4D59MPXE11H1K0E9GXYDN,United Kingdom,Sherman,GF16 1IC,Sheffield
A01HQP4D59PPKPF30MRJRZMEXVX,01HQP4D59PPKPF30MRJRZMEXVX,Ireland,Northland,BR51 8MW,Drogheda
A01HQP4D59RK7JT6QBNAADVD718,01HQP4D59RK7JT6QBNAADVD718,United Kingdom,Brown,3120,Aberdeen
A01HQP4D59SV74AKEW69M6MAY9T,01HQP4D59SV74AKEW69M6MAY9T,Portugal,Annamark,64-234,Porto
A01HQP4D59V5WSQ0CBCW5FQTAXN,01HQP4D59V5WSQ0CBCW5FQTAXN,United Kingdom,Cordelia,30160,Bristol
A01HQP4D59XVYDQ70EJ0VWVVRAW,01HQP4D59XVYDQ70EJ0VWVVRAW,United States,Amoth,G32 8NA,Los Angeles
A01HQP4D59Z10BYY3VQM5VKZVNG,01HQP4D59Z10BYY3VQM5VKZVNG,United States,Vahlen,391 61,Chicago
A01HQP4D5A02YX4KJF6TXW5YQTZ,01HQP4D5A02YX4KJF6TXW5YQTZ,United Kingdom,Elmside,175147,London
A01HQP4D5A2AQ4FYNP75GXNCG87,01HQP4D5A2AQ4FYNP75GXNCG87,United Kingdom,Heffernan,D9 6EL,London
A01HQP4D5A4Y9E0QM299PHEAZC3,01HQP4D5A4Y9E0QM299PHEAZC3,Austria,Jenna,6017,Wels
A01HQP4D5A5EB4MRGAFXD0J2501,01HQP4D5A5EB4MRGAFXD0J2501,Ireland,Cordelia,Y2 6QN,Galway
A01HQP4D5A7YS92QJHPFD5B6XHC,01HQP4D5A7YS92QJHPFD5B6XHC,United Kingdom,Del Mar,A9 2XZ,Edinburgh
A01HQP4D5A94QWDV58YBY2C66VB,01HQP4D5A94QWDV58YBY2C66VB,United Kingdom,Drewry,111711,London
A01HQP4D5AAKXT764F6G1F7NKSW,01HQP4D5AAKXT764F6G1F7NKSW,India,Logan,Z4 8AE,Jaipur
A01HQP4D5ACGHDYQWE5VF2QS399,01HQP4D5ACGHDYQWE5VF2QS399,Iceland,Bluejay,3308,Fjar?abygg?
A01HQP4D5AE1EYB9SAWWHVV8PRX,01HQP4D5AE1EYB9SAWWHVV8PRX,United Kingdom,4th,TV16 2CP,Leeds
A01HQP4D5AGJSFF4QQ7P64828RG,01HQP4D5AGJSFF4QQ7P64828RG,United Kingdom,Granby,9214,London
A01HQP4D5AHK914V400RDT9ZRY9,01HQP4D5AHK914V400RDT9ZRY9,United Kingdom,Basil,O9 9XS,London
A01HQP4D5AKQQJVWK60G5NJJFEG,01HQP4D5AKQQJVWK60G5NJJFEG,Netherlands,Jenifer,Q7 5XE,Groningen
A01HQP4D5AM61PXPXZJT7GC0MTC,01HQP4D5AM61PXPXZJT7GC0MTC,United Kingdom,Dahle,982 81,Manchester
A01HQP4D5APNG4GPY8M0TR6ZT21,01HQP4D5APNG4GPY8M0TR6ZT21,United Kingdom,Eliot,YN26 1KR,Edinburgh
A01HQP4D5AR9XB53Z74GNEHZ11V,01HQP4D5AR9XB53Z74GNEHZ11V,United Kingdom,Hansons,FY3 1OA,London
A01HQP4D5ATHKWYY7S2SKGZ8Z78,01HQP4D5ATHKWYY7S2SKGZ8Z78,United Kingdom,Delaware,TN3 8IX,London
A01HQP4D507VJM0BBS21WNH8CWP,01HQP4D507VJM0BBS21WNH8CWP,United Kingdom,Rutledge,13220,Leicester
A01HQP4D50AY6YE362S7XP8GH76,01HQP4D50AY6YE362S7XP8GH76,United States,Rusk,9220,New York City
A01HQP4D50B56SP473FA7WAVPDZ,01HQP4D50B56SP473FA7WAVPDZ,United Kingdom,Mcguire,2011,Glasgow
A01HQP4D50DVCBZTDDK6VKETCDG,01HQP4D50DVCBZTDDK6VKETCDG,United Kingdom,Oak Valley,X46 0ET,London
A01HQP4D50FH3JF0SHJ583XWP1K,01HQP4D50FH3JF0SHJ583XWP1K,United Kingdom,Meadow Valley,3609,Reading
A01HQP4D50G5C7ZJWTP5BXRNTTY,01HQP4D50G5C7ZJWTP5BXRNTTY,Japan,Eastwood,WH7 8VU,Kyoto
A01HQP4D50JYZ532Q8MWD0PKX1A,01HQP4D50JYZ532Q8MWD0PKX1A,United States,Farmco,Z29 3UN,Columbus
A01HQP4D50MPKTFX2F1TWNF75VK,01HQP4D50MPKTFX2F1TWNF75VK,United Kingdom,Quincy,ZB95 9NE,Aberdeen
A01HQP4D50P1KKK7JRN3YHKE0P2,01HQP4D50P1KKK7JRN3YHKE0P2,Norway,Carey,612-8447,Sarpsborg
A01HQP4D50QG393SJ2G5PPTFBN8,01HQP4D50QG393SJ2G5PPTFBN8,United Kingdom,Gale,96310-000,Glasgow
A01HQP4D50S26C2DZXFDZV3WQ50,01HQP4D50S26C2DZXFDZV3WQ50,India,Vernon,CN9 9MD,Chennai
A01HQP4D50X4YVYN2NPWPBZT43B,01HQP4D50X4YVYN2NPWPBZT43B,United Kingdom,Petterle,62-056,Manchester
A01HQP4D50Y527WKGT8R844JFNE,01HQP4D50Y527WKGT8R844JFNE,United Kingdom,Main,N01 7JX,Leeds
A01HQP4D5106VVKP4HG2DGX9FWF,01HQP4D5106VVKP4HG2DGX9FWF,United Kingdom,John Wall,B43 7WP,London
A01HQP4D512ANPFYF0NYHXM8W02,01HQP4D512ANPFYF0NYHXM8W02,Belgium,Pierstorff,747 30,Li¨¨ge
A01HQP4D513XCF5AKNGWF3QWA4Q,01HQP4D513XCF5AKNGWF3QWA4Q,Belgium,Carpenter,NI65 4KZ,Namur
A01HQP4D515DXAG2CFM6TNQC0T4,01HQP4D515DXAG2CFM6TNQC0T4,United Kingdom,Sutherland,QB5 3KU,London
A01HQP4D517PJH9FMCQNW9F4YKD,01HQP4D517PJH9FMCQNW9F4YKD,Spain,Northview,303580,M¨¢laga
A01HQP4D51851DHW22Y9GJFKCYD,01HQP4D51851DHW22Y9GJFKCYD,Portugal,Nova,72089,Vila Nova de Gaia
A01HQP4D51ABZ5ZKZXTV4BWC55F,01HQP4D51ABZ5ZKZXTV4BWC55F,United States,Eastlawn,W32 2NX,Philadelphia
A01HQP4D51C0D1QPNVCRZQYFN7S,01HQP4D51C0D1QPNVCRZQYFN7S,Spain,Fair Oaks,4930-250,Madrid
A01HQP4D51D5MN7QB6BYMCQ6T5R,01HQP4D51D5MN7QB6BYMCQ6T5R,Sweden,Fuller,431890,V?ster?s
A01HQP4D51G53538HX1ANJM14NV,01HQP4D51G53538HX1ANJM14NV,United Kingdom,Brickson Park,6818,London
A01HQP4D51HMDQXEC94VY7TK73Z,01HQP4D51HMDQXEC94VY7TK73Z,United Kingdom,Comanche,A2 2LE,London
A01HQP4D51KNRW9VE3R05J0WYRJ,01HQP4D51KNRW9VE3R05J0WYRJ,United Kingdom,Mayer,C24 4PD,Sheffield
A01HQP4D51NB5A44BPCS6Q0JCKM,01HQP4D51NB5A44BPCS6Q0JCKM,United Kingdom,Sheridan,24-170,London
A01HQP4D51P5ES647J0FS3YG966,01HQP4D51P5ES647J0FS3YG966,United Kingdom,Mallard,86165-000,London
A01HQP4D51RPR56N0QSVNM9KCZ4,01HQP4D51RPR56N0QSVNM9KCZ4,Northern Ireland,Canary,5100-724,Belfast
A01HQP4D51TJPT7TH0Q3ZBSWPVS,01HQP4D51TJPT7TH0Q3ZBSWPVS,United Kingdom,Schiller,303036,London
A01HQP4D51WQDTZ6DED5MDXFWRM,01HQP4D51WQDTZ6DED5MDXFWRM,Sweden,Union,2635-121,Stockholm
A01HQP4D346QJPYJ2VW08DB5JTT,01HQP4D346QJPYJ2VW08DB5JTT,United Kingdom,1st,79050,Edinburgh
A01HQP4D348KCZ30589YVKH1516,01HQP4D348KCZ30589YVKH1516,Finland,Twin Pines,05-340,Vantaa
A01HQP4D349292NVHR06QC3HY7K,01HQP4D349292NVHR06QC3HY7K,United Kingdom,Chive,MI28 7BE,Bristol
A01HQP4D34ANTBFNY3S5RDY569Z,01HQP4D34ANTBFNY3S5RDY569Z,Netherlands,Mifflin,7104,Almere
A01HQP4D34BADQXT17J1CPQ64S2,01HQP4D34BADQXT17J1CPQ64S2,Iceland,Melrose,74-500,Mosfellsb?r
A01HQP4D34CV3GQBYAHVTT6CMM8,01HQP4D34CV3GQBYAHVTT6CMM8,Germany,Pearson,H3 0JH,Frankfurt
A01HQP4D34DBX789YTJ5QZ5TAE7,01HQP4D34DBX789YTJ5QZ5TAE7,China,Center,HT30 1YM,Suzhou
A01HQP4D34F50C7AETX004310EW,01HQP4D34F50C7AETX004310EW,United Kingdom,Chive,231 23,Birmingham
A01HQP4D34GGQF8RZXYP5JGQXWP,01HQP4D34GGQF8RZXYP5JGQXWP,China,Nancy,4004,Beijing
A01HQP4D34JP8WD424W9QVT533X,01HQP4D34JP8WD424W9QVT533X,United Kingdom,North,L-9184,Southampton
A01HQP4D34KBXWXSWGN70Y4ESV8,01HQP4D34KBXWXSWGN70Y4ESV8,United Kingdom,8th,TZ2 3EV,Leeds
A01HQP4D34N34JG18P57D66YZ67,01HQP4D34N34JG18P57D66YZ67,United Kingdom,Orin,814 41,London
A01HQP4D34PYQCNK67K7G8KNWJC,01HQP4D34PYQCNK67K7G8KNWJC,Italy,Corscot,386250,Turin
A01HQP4D34RKAV4GDSA9N6E7Y2X,01HQP4D34RKAV4GDSA9N6E7Y2X,Italy,Brentwood,T30 3MM,Florence
A01HQP4D34S025NMW4GHSJHW11A,01HQP4D34S025NMW4GHSJHW11A,Spain,Kensington,MD-3730,Bilbao
A01HQP4D34VW2552RPNPAPM8HZA,01HQP4D34VW2552RPNPAPM8HZA,United Kingdom,Eagle Crest,XS8 4YB,Edinburgh
A01HQP4D34WPH9P66T5152CCDXT,01HQP4D34WPH9P66T5152CCDXT,United Kingdom,Ramsey,F4 4WC,London
A01HQP4D34Y6W3HTEBCSDMN2BGP,01HQP4D34Y6W3HTEBCSDMN2BGP,United Kingdom,Spenser,TC9 0GC,Liverpool
A01HQP4D350AHTRYFVB9SVSDPK2,01HQP4D350AHTRYFVB9SVSDPK2,United Kingdom,Scoville,45016 CEDEX 1,Aberdeen
A01HQP4D351VTSNMHXMR0Y9X45X,01HQP4D351VTSNMHXMR0Y9X45X,China,Service,705079,Shanghai
A01HQP4D353XR33VV03TP0MVW17,01HQP4D353XR33VV03TP0MVW17,Spain,Sauthoff,216507,Seville
A01HQP4D356C7GEGRWMGRB272KF,01HQP4D356C7GEGRWMGRB272KF,United States,Oneill,141160,New York City
A01HQP4D3574CSG2RBDJSC253DT,01HQP4D3574CSG2RBDJSC253DT,United Kingdom,Schurz,VV67 2TN,London
A01HQP4D359C5S0WB10YRYQSCJD,01HQP4D359C5S0WB10YRYQSCJD,United Kingdom,Homewood,L4 3VO,London
A01HQP4D35AGTABNVNP2M12GX45,01HQP4D35AGTABNVNP2M12GX45,United Kingdom,Wayridge,ZO77 8ZQ,Leeds
A01HQP4D35C7VS8MZRAY441YPZN,01HQP4D35C7VS8MZRAY441YPZN,India,Mesta,21410,Delhi
A01HQP4D35D0Q0TV7MWYAAZ5AYB,01HQP4D35D0Q0TV7MWYAAZ5AYB,United Kingdom,Claremont,34-651,Nottingham
A01HQP4D35FX75QXTVHYZSQYMG5,01HQP4D35FX75QXTVHYZSQYMG5,United Kingdom,Nancy,VV5 4TB,London
A01HQP4D35HCVSN92X24BANH67W,01HQP4D35HCVSN92X24BANH67W,Austria,Mockingbird,162250,Graz
A01HQP4D35JZBWJFRM88TVSA4R2,01HQP4D35JZBWJFRM88TVSA4R2,United Kingdom,Esker,N1 3OB,Manchester
A01HQP4D1B27FPFZV8AC20YY2DV,01HQP4D1B27FPFZV8AC20YY2DV,United Kingdom,Bayside,197758,Sheffield
A01HQP4D1B6YJ7VAT3ZPMK8DM7M,01HQP4D1B6YJ7VAT3ZPMK8DM7M,Sweden,Jackson,07204 CEDEX,Gothenburg
A01HQP4D1B9M1X8YQ1MFP6WCN0J,01HQP4D1B9M1X8YQ1MFP6WCN0J,United Kingdom,Buena Vista,R4 3UV,Newcastle upon Tyne
A01HQP4D1BD17FBQSWR8QFP31EW,01HQP4D1BD17FBQSWR8QFP31EW,United States,Chinook,YH4 4VU,New York City
A01HQP4D1BGRZNWZN127JZMF627,01HQP4D1BGRZNWZN127JZMF627,Germany,Moland,76152 CEDEX,Essen
A01HQP4D1BJ5BZ086QEWK17PS2F,01HQP4D1BJ5BZ086QEWK17PS2F,Netherlands,Randy,678214,Almere
A01HQP4D1BRZWF6W283CNBWBXY5,01HQP4D1BRZWF6W283CNBWBXY5,United Kingdom,Debra,67391,London
A01HQP4D1BV1NAM7YEDE7STJ8FH,01HQP4D1BV1NAM7YEDE7STJ8FH,United Kingdom,South,CD24 4JZ,Coventry
A01HQP4D1BYD4YB12R19215HC46,01HQP4D1BYD4YB12R19215HC46,United Kingdom,Anhalt,634510,Newcastle upon Tyne
A01HQP4D1C01PTR7191HA9P5S6B,01HQP4D1C01PTR7191HA9P5S6B,United Kingdom,International,QV6 8CQ,London
A01HQP4D1C2TQDWW3YS72DMEYCT,01HQP4D1C2TQDWW3YS72DMEYCT,India,Kings,44629,Bengaluru
A01HQP4D1C43JTPQ0GFBB6V6PBV,01HQP4D1C43JTPQ0GFBB6V6PBV,China,Hoffman,E35 6SC,Chongqing
A01HQP4D1C5VFA4DMEFKJKWTG7D,01HQP4D1C5VFA4DMEFKJKWTG7D,United States,Kennedy,CX88 1HI,Philadelphia
A01HQP4D1C72DXR6YYEW50ENRR2,01HQP4D1C72DXR6YYEW50ENRR2,Netherlands,Redwing,1707,Breda
A01HQP4D1C9F75RFK379ZW9RQE3,01HQP4D1C9F75RFK379ZW9RQE3,United Kingdom,Kingsford,3520-031,Glasgow
A01HQP4D1CBV4FC7XMQ86VSWBZ4,01HQP4D1CBV4FC7XMQ86VSWBZ4,Belgium,Dapin,42000,Antwerp
A01HQP4D1CCV1BKVEDZXFRCKFAG,01HQP4D1CCV1BKVEDZXFRCKFAG,United Kingdom,Thackeray,L59 4QJ,Liverpool
A01HQP4D1CEZHMWNFS39E71ZBXD,01HQP4D1CEZHMWNFS39E71ZBXD,United Kingdom,Comanche,83600-000,Leeds
A01HQP4D1CFT83HT52FJ09GQZGG,01HQP4D1CFT83HT52FJ09GQZGG,United Kingdom,Kings,429959,London
A01HQP4D1CHSYP6DXFG5MH6GR8E,01HQP4D1CHSYP6DXFG5MH6GR8E,France,Esker,725 91,Toulouse
A01HQP4D1CKPXNKVGJ9H70NEBJW,01HQP4D1CKPXNKVGJ9H70NEBJW,United Kingdom,Sunfield,IJ4 5ON,London
A01HQP4D1CNJJ1KV7JV6DSXA4NZ,01HQP4D1CNJJ1KV7JV6DSXA4NZ,Japan,Bowman,56-306,Saitama
A01HQP4D1CQZQAGYYJ5HPBD1K2A,01HQP4D1CQZQAGYYJ5HPBD1K2A,United Kingdom,Goodland,BX7 7ZS,Edinburgh
A01HQP4D1CSN7RW4MEC1V7NJGVD,01HQP4D1CSN7RW4MEC1V7NJGVD,United Kingdom,Bay,810009,Portsmouth
A01HQP4D1CTQVXVD0ASD61TGDQ7,01HQP4D1CTQVXVD0ASD61TGDQ7,China,Leroy,YE5 7CT,Shanghai
A01HQP4D1CVVYVTQ770THEF59Z0,01HQP4D1CVVYVTQ770THEF59Z0,United Kingdom,Bayside,40280,Nottingham
A01HQP4D1CW1YKAYPSD4YBHJ0VM,01HQP4D1CW1YKAYPSD4YBHJ0VM,France,Fulton,M93 9NW,Paris
A01HQP4D1CXPV3FBK0851FWDR2E,01HQP4D1CXPV3FBK0851FWDR2E,United Kingdom,Kings,99-200,London
A01HQP4D1CY3QB1R4616K2AZKGY,01HQP4D1CY3QB1R4616K2AZKGY,United Kingdom,Karstens,945-0812,Southampton
A01HQP4D1CZXXMN26Q1JJ01AEKM,01HQP4D1CZXXMN26Q1JJ01AEKM,United Kingdom,South,366303,Liverpool
A01HQP4D1D0ZMHFYANSSHBGTM38,01HQP4D1D0ZMHFYANSSHBGTM38,Ireland,Mayer,T4 4TQ,Dundalk
A01HQP4D31SEZDJF6Z4H5FGH7A8,01HQP4D31SEZDJF6Z4H5FGH7A8,Sweden,5th,AO5 7KX,?rebro
A01HQP4D31VTWX9NEQDK91HFBK9,01HQP4D31VTWX9NEQDK91HFBK9,United Kingdom,Monument,T60 3YA,Leeds
A01HQP4D31WF5WAHFDYF1ACRSY5,01HQP4D31WF5WAHFDYF1ACRSY5,United Kingdom,Forest,44245-000,Sheffield
A01HQP4D31YVEESHEAE9JS3QB23,01HQP4D31YVEESHEAE9JS3QB23,India,Artisan,C38 0QQ,Hyderabad
A01HQP4D31ZJH6TBKJCCHF293CQ,01HQP4D31ZJH6TBKJCCHF293CQ,United States,Monica,F60 3WW,Dallas
A01HQP4D321RC1CGNREYZAZJDSD,01HQP4D321RC1CGNREYZAZJDSD,United Kingdom,Hagan,KX7 3KO,Nottingham
A01HQP4D323Z52DZTP709PH2SK4,01HQP4D323Z52DZTP709PH2SK4,United Kingdom,Becker,L4E,Belfast
A01HQP4D324714J38F4KKG09EQX,01HQP4D324714J38F4KKG09EQX,United Kingdom,Hintze,G3 7XQ,Edinburgh
A01HQP4D326R6SZ8B3W5MJANCH8,01HQP4D326R6SZ8B3W5MJANCH8,United States,Fuller,AD8 0VW,Philadelphia
A01HQP4D327YTF97P3R681TD4CV,01HQP4D327YTF97P3R681TD4CV,United Kingdom,Charing Cross,686008,London
A01HQP4D32861CCBJCMNE8K9PEY,01HQP4D32861CCBJCMNE8K9PEY,Scotland,Evergreen,20022,Ayr
A01HQP4D32A08R5K05PDE1BJD91,01HQP4D32A08R5K05PDE1BJD91,United Kingdom,Waxwing,606093,Portsmouth
A01HQP4D32B5QBCF6DWS74SQ93K,01HQP4D32B5QBCF6DWS74SQ93K,China,Badeau,S3 9BU,Shanghai
A01HQP4D32C2BPNBPBHBM23PB5R,01HQP4D32C2BPNBPBHBM23PB5R,United Kingdom,2nd,V54 2HZ,London
A01HQP4D32EG59TZMETXMFV8Z9J,01HQP4D32EG59TZMETXMFV8Z9J,United Kingdom,La Follette,I73 4QJ,London
A01HQP4D32FZ0Z3BCFN748MKM8A,01HQP4D32FZ0Z3BCFN748MKM8A,United States,Basil,Z2 5KY,San Diego
A01HQP4D32HRCMHKNT2MRZE4RTD,01HQP4D32HRCMHKNT2MRZE4RTD,Italy,Burrows,F98 8AP,Bologna
A01HQP4D32JGA62RJXNMXWBGZ1R,01HQP4D32JGA62RJXNMXWBGZ1R,United Kingdom,Buena Vista,NA03 0CD,Nottingham
A01HQP4D32K0S1FHQPCBHY0A9J3,01HQP4D32K0S1FHQPCBHY0A9J3,United Kingdom,Prairieview,W72 9RH,Portsmouth
A01HQP4D32N8NCHYDV04F64CMA7,01HQP4D32N8NCHYDV04F64CMA7,United Kingdom,Melby,393479,Cardiff
A01HQP4D32PBAYJ644BK6TN6FAZ,01HQP4D32PBAYJ644BK6TN6FAZ,Norway,Miller,49417 CEDEX,Bergen
A01HQP4D32Q1QGMJHQBRNAS3382,01HQP4D32Q1QGMJHQBRNAS3382,United Kingdom,Swallow,T6 8DX,Edinburgh
A01HQP4D32SYJ8WVCDBFHQS7SW8,01HQP4D32SYJ8WVCDBFHQS7SW8,Ireland,Westport,G69 8SZ,Bray
A01HQP4D32T49504RNGXAT7T8B0,01HQP4D32T49504RNGXAT7T8B0,United Kingdom,Delladonna,17600-000,Reading
A01HQP4D32VCA9H4ZE4A13Y732X,01HQP4D32VCA9H4ZE4A13Y732X,United Kingdom,Jana,60686,Belfast
A01HQP4D32XSK20JHS7K5N7KGHP,01HQP4D32XSK20JHS7K5N7KGHP,United Kingdom,Buhler,40053,Bristol
A01HQP4D32YEJYXJ5JX5JJVYB9N,01HQP4D32YEJYXJ5JX5JJVYB9N,United Kingdom,Packers,06-216,London
A01HQP4D32ZY3JD845ANWS440D4,01HQP4D32ZY3JD845ANWS440D4,United Kingdom,Clove,BN8 4AK,Sheffield
A01HQP4D331EK7M5B1NWPSHTPQY,01HQP4D331EK7M5B1NWPSHTPQY,Sweden,Warbler,GR4 7RL,Malm?
A01HQP4D332575H31JMAXBTPE68,01HQP4D332575H31JMAXBTPE68,United Kingdom,Hoard,EX98 8XQ,Edinburgh
A01HQP4D3334C01Q3Y45JK2YD0Q,01HQP4D3334C01Q3Y45JK2YD0Q,Netherlands,Tony,QE3 0RT,Rotterdam
A01HQP4D02FB5HC9JT5SDWXY87Y,01HQP4D02FB5HC9JT5SDWXY87Y,Netherlands,Commercial,6012,Amsterdam
A01HQP4D02H8S7PR99DHAYTSPYW,01HQP4D02H8S7PR99DHAYTSPYW,China,Cordelia,427920,Shanghai
A01HQP4D02KD8FQ2RK3DZVVYTV6,01HQP4D02KD8FQ2RK3DZVVYTV6,Germany,Lakeland,WI74 8HW,Berlin
A01HQP4D02MXNHYB7D2X4QVVGQB,01HQP4D02MXNHYB7D2X4QVVGQB,South Korea,Judy,K1 6NS,Changwon
A01HQP4D02P85425K87XDJVC73K,01HQP4D02P85425K87XDJVC73K,United States,Beilfuss,396564,San Antonio
A01HQP4D02QJWZNSYXZDHW1P624,01HQP4D02QJWZNSYXZDHW1P624,Germany,Anniversary,KA0 0LO,Leipzig
A01HQP4D02SZ6PWAEVY3JYBV1Z6,01HQP4D02SZ6PWAEVY3JYBV1Z6,United Kingdom,Pawling,97714,London
A01HQP4D02TEY4WY0BNGQN739T3,01HQP4D02TEY4WY0BNGQN739T3,Japan,Sauthoff,US1 9ND,Fukuoka
A01HQP4D02W8E1VCER9PZK5EYDF,01HQP4D02W8E1VCER9PZK5EYDF,United Kingdom,Lawn,EQ1 8JV,London
A01HQP4D02XJK1GBVR554E479S8,01HQP4D02XJK1GBVR554E479S8,China,Hanover,CO6 6EW,Guangzhou
A01HQP4D02ZYRG41QPVRGJQFE1M,01HQP4D02ZYRG41QPVRGJQFE1M,United Kingdom,Lien,2435-585,Edinburgh
A01HQP4D030S167MTC5XJB1BR89,01HQP4D030S167MTC5XJB1BR89,United Kingdom,Jay,35000,London
A01HQP4D032H10XF8CZHY888BRW,01HQP4D032H10XF8CZHY888BRW,Netherlands,Fairfield,75780-000,Eindhoven
A01HQP4D033DETE5CABSM4TXKQ4,01HQP4D033DETE5CABSM4TXKQ4,United Kingdom,Carberry,75710,Manchester
A01HQP4D0358757M868HPZ2E2TS,01HQP4D0358757M868HPZ2E2TS,United Kingdom,Oak Valley,MH3 9KP,Leeds
A01HQP4D036PGQN7RAFB69614Z7,01HQP4D036PGQN7RAFB69614Z7,United Kingdom,Dennis,6012,Leeds
A01HQP4D038Z600N5A1GBB5476W,01HQP4D038Z600N5A1GBB5476W,Norway,Northview,B50 3PT,Troms?
A01HQP4D0398W7K020MW4S3HR4S,01HQP4D0398W7K020MW4S3HR4S,South Korea,Rigney,396180,Gwangju
A01HQP4D03BNQMMHCAS6QPN1F4W,01HQP4D03BNQMMHCAS6QPN1F4W,United States,Northland,152,Jacksonville
A01HQP4D03DRCQV4F36WHYN9PB0,01HQP4D03DRCQV4F36WHYN9PB0,South Korea,Longview,FF87 0MP,Seongnam
A01HQP4D03EA35Y7ZW9DKPR8YAN,01HQP4D03EA35Y7ZW9DKPR8YAN,United Kingdom,5th,7010,Belfast
A01HQP4D03G7X6SDZHTDCA4GF05,01HQP4D03G7X6SDZHTDCA4GF05,United Kingdom,Sloan,6602,Belfast
A01HQP4D03HXWTXKBCC06S6VWRB,01HQP4D03HXWTXKBCC06S6VWRB,Switzerland,Springview,N57 2UU,Zurich
A01HQP4D03KNJKHB7AZW3KBN9V7,01HQP4D03KNJKHB7AZW3KBN9V7,Ireland,Monument,462401,Cork
A01HQP4D03MPZ93W7PB3HWMDDP8,01HQP4D03MPZ93W7PB3HWMDDP8,Finland,Kennedy,45213,Tampere
A01HQP4D03P7Q9HHZ9D9K4GD4F2,01HQP4D03P7Q9HHZ9D9K4GD4F2,United Kingdom,Dorton,16201,Birmingham
A01HQP4D03Q1N7S3GBC56S36CF0,01HQP4D03Q1N7S3GBC56S36CF0,United Kingdom,Westerfield,VP9 8BA,Bristol
A01HQP4D03RR82620MBV2S8ABFF,01HQP4D03RR82620MBV2S8ABFF,Italy,Thierer,Q97 1SM,Naples
A01HQP4D03SZKW8BBMH0M3S2A32,01HQP4D03SZKW8BBMH0M3S2A32,China,Sundown,4108,Shanghai
A01HQP4D03TMA15PW0K2VGV3D10,01HQP4D03TMA15PW0K2VGV3D10,United Kingdom,Eagan,77004 CEDEX,Leeds
A01HQP4D03V9N1KNQ0EX5EVY094,01HQP4D03V9N1KNQ0EX5EVY094,United Kingdom,Londonderry,811 30,London
A01HQP4D4G98G8T6PN4WJNBF5WA,01HQP4D4G98G8T6PN4WJNBF5WA,United Kingdom,Birchwood,4105,Belfast
A01HQP4D4GBX62C6YDRY486ANYB,01HQP4D4GBX62C6YDRY486ANYB,United Kingdom,Mcguire,G87 1ZL,Leicester
A01HQP4D4GC9Z4HMMKBQC3KRK24,01HQP4D4GC9Z4HMMKBQC3KRK24,Wales,Linden,37790-000,Cardiff
A01HQP4D4GD5N1CHTEXRGAGWGQ6,01HQP4D4GD5N1CHTEXRGAGWGQ6,Scotland,Maywood,142609,Livingston
A01HQP4D4GFQ1XV0P02QPENBGYG,01HQP4D4GFQ1XV0P02QPENBGYG,United States,Cascade,06-413,Indianapolis
A01HQP4D4GGYN00AB3GAYDQ7Q9Y,01HQP4D4GGYN00AB3GAYDQ7Q9Y,Belgium,School,294 74,Mons
A01HQP4D4GJ5H9J0ZZCZAJ47W9Z,01HQP4D4GJ5H9J0ZZCZAJ47W9Z,United Kingdom,Arapahoe,RK52 8FF,London
A01HQP4D4GM16W4RS90ZJ41X79E,01HQP4D4GM16W4RS90ZJ41X79E,United Kingdom,Nova,2305-025,Manchester
A01HQP4D4GPSNBYBYQBM5VEWASR,01HQP4D4GPSNBYBYQBM5VEWASR,United Kingdom,Ramsey,43210,Newcastle upon Tyne
A01HQP4D4GRGAXBQS8589HQGAZP,01HQP4D4GRGAXBQS8589HQGAZP,United Kingdom,Northridge,O4 9RJ,Edinburgh
A01HQP4D4GS7DPAA6FYRDB595G1,01HQP4D4GS7DPAA6FYRDB595G1,Netherlands,Delladonna,BC35 6GN,Nijmegen
A01HQP4D4GV6M2GKBH1MC609ZR4,01HQP4D4GV6M2GKBH1MC609ZR4,United States,Sage,FG68 2TR,Phoenix
A01HQP4D4GX6V8MGMYJ7A6AAY83,01HQP4D4GX6V8MGMYJ7A6AAY83,United Kingdom,Little Fleur,4325,London
A01HQP4D4GZMTCNSJ0P7GW153PK,01HQP4D4GZMTCNSJ0P7GW153PK,Norway,La Follette,N07 0DH,Oslo
A01HQP4D4H0XQAHDTMHCFM2TNJJ,01HQP4D4H0XQAHDTMHCFM2TNJJ,Denmark,Sutteridge,UD20 2OC,Odense
A01HQP4D4H29Z6TYATCN9XQDTKJ,01HQP4D4H29Z6TYATCN9XQDTKJ,Scotland,Main,929-0417,Hamilton
A01HQP4D4H4B8JF2DE0QZMZRDNB,01HQP4D4H4B8JF2DE0QZMZRDNB,Wales,Packers,94675 CEDEX,Barry
A01HQP4D4H59PYWEN76C44HDSMK,01HQP4D4H59PYWEN76C44HDSMK,China,Welch,U07 6VH,Chengdu
A01HQP4D4H78TVBBZ0YX5ZB6VK7,01HQP4D4H78TVBBZ0YX5ZB6VK7,United Kingdom,Jana,R8 2KG,Nottingham
A01HQP4D4H9QJ1D1NGSHAPCFEYF,01HQP4D4H9QJ1D1NGSHAPCFEYF,United Kingdom,Havey,Y6 2ZX,Leicester
A01HQP4D4HBCDMG7ZF5D5FPAFD1,01HQP4D4HBCDMG7ZF5D5FPAFD1,United Kingdom,Eagan,U2 8PF,London
A01HQP4D4HCPW2APFEVXXHHFTC2,01HQP4D4HCPW2APFEVXXHHFTC2,Belgium,Johnson,W3 7ZD,Brussels
A01HQP4D4HDE8MFM8NRBQ8H7VK1,01HQP4D4HDE8MFM8NRBQ8H7VK1,China,Di Loreto,XF5 0BQ,Shanghai
A01HQP4D4HE4WJ4D9ZW00KJPGF3,01HQP4D4HE4WJ4D9ZW00KJPGF3,United Kingdom,Weeping Birch,352835,London
A01HQP4D4HFCRC5DTBD3243ZHAF,01HQP4D4HFCRC5DTBD3243ZHAF,Denmark,Little Fleur,1871,Randers
A01HQP4D4HGTWGV32DZMR4Z0TXY,01HQP4D4HGTWGV32DZMR4Z0TXY,United Kingdom,Delladonna,M6 3QL,London
A01HQP4D4HHZNZXFAVV5T8J57E9,01HQP4D4HHZNZXFAVV5T8J57E9,Italy,Di Loreto,197-0011,Bari
A01HQP4D4HJ9R8KJRS0XNWJT40F,01HQP4D4HJ9R8KJRS0XNWJT40F,United Kingdom,Annamark,US9 5PK,Sheffield
A01HQP4D4HKKPTE8PTFQETWW5A7,01HQP4D4HKKPTE8PTFQETWW5A7,United Kingdom,Crest Line,X51 2DV,Edinburgh
A01HQP4D4HMZ21Z3G8XTE4JESXR,01HQP4D4HMZ21Z3G8XTE4JESXR,United Kingdom,Ridgeway,PR01 7DL,Manchester
A01HQP4D4HNF6FJDW2G2GFX10WE,01HQP4D4HNF6FJDW2G2GFX10WE,Switzerland,Sundown,KL8 1FS,Lugano
A01HQP4D46VN2WPVRE7WMN4WZCR,01HQP4D46VN2WPVRE7WMN4WZCR,Scotland,Washington,11-015,East Kilbride
A01HQP4D4709BETY52JMDBQF3HP,01HQP4D4709BETY52JMDBQF3HP,Scotland,Northfield,J88 7WR,Dundee
A01HQP4D474FYH54NFT5B0KXJAK,01HQP4D474FYH54NFT5B0KXJAK,United Kingdom,Vera,184 70,Edinburgh
A01HQP4D478TA6HZGGGVHZR7950,01HQP4D478TA6HZGGGVHZR7950,United States,Meadow Vale,589 00,New York City
A01HQP4D47BSMFF80AHBJEQD8WG,01HQP4D47BSMFF80AHBJEQD8WG,United Kingdom,Shasta,B94 6WK,Birmingham
A01HQP4D47FWAPR1R0KA103FGE6,01HQP4D47FWAPR1R0KA103FGE6,Switzerland,Leroy,W5 1WS,Biel/Bienne
A01HQP4D47M4EGB6ZK7MRWCTVWC,01HQP4D47M4EGB6ZK7MRWCTVWC,Northern Ireland,Mifflin,PF2 2DM,Ballymena
A01HQP4D47QFY2QSX1D38BCPZ88,01HQP4D47QFY2QSX1D38BCPZ88,China,2nd,I7 0IJ,Hangzhou
A01HQP4D47T7SQX66VW892DH8GZ,01HQP4D47T7SQX66VW892DH8GZ,United Kingdom,North,23110,Glasgow
A01HQP4D47XDWSFAHPX6DSFPJXX,01HQP4D47XDWSFAHPX6DSFPJXX,United Kingdom,Stoughton,U90 7YO,Southampton
A01HQP4D47Z1MR811NRRXW3WXYQ,01HQP4D47Z1MR811NRRXW3WXYQ,United Kingdom,Eastlawn,10370,London
A01HQP4D482JVQPQA2SNQ4PV35Z,01HQP4D482JVQPQA2SNQ4PV35Z,Wales,Beilfuss,UX92 0XM,Cwmbran
A01HQP4D486RZVY7XB4DDHB74BP,01HQP4D486RZVY7XB4DDHB74BP,United Kingdom,Calypso,M9 7KF,Reading
A01HQP4D4890K3CWQW2JSP46DSQ,01HQP4D4890K3CWQW2JSP46DSQ,Denmark,Dottie,31205,Frederiksberg
A01HQP4D48BAGJW8D5AB6BT9JX4,01HQP4D48BAGJW8D5AB6BT9JX4,United Kingdom,Arapahoe,U31 9ZA,Coventry
A01HQP4D48E18CBV2N8MQKWGGZG,01HQP4D48E18CBV2N8MQKWGGZG,United Kingdom,Schurz,Z3 5ZL,London
A01HQP4D48HPEF24AA6QEWZFD9P,01HQP4D48HPEF24AA6QEWZFD9P,United States,Toban,5613,San Antonio
A01HQP4D48MAXVT5CKW9FR9QPGJ,01HQP4D48MAXVT5CKW9FR9QPGJ,United Kingdom,Caliangt,7104,London
A01HQP4D48P0WK5FFKZC5HG0Z24,01HQP4D48P0WK5FFKZC5HG0Z24,United Kingdom,Hallows,249144,London
A01HQP4D48SMDN1VP80NW5GX8E5,01HQP4D48SMDN1VP80NW5GX8E5,United Kingdom,West,K26 3NM,Edinburgh
A01HQP4D48VW2P6SRCCAKS31Z4T,01HQP4D48VW2P6SRCCAKS31Z4T,Ireland,Reinke,WZ84 8BJ,Limerick
A01HQP4D48XWWENVPASC5GP7WK3,01HQP4D48XWWENVPASC5GP7WK3,Belgium,Paget,BK68 4BV,Charleroi
A01HQP4D48ZRNKGJT14VZ7BYFMB,01HQP4D48ZRNKGJT14VZ7BYFMB,United Kingdom,American Ash,86983 CEDEX,Southampton
A01HQP4D491T0HS57YH9X8320YF,01HQP4D491T0HS57YH9X8320YF,United Kingdom,Mesta,40270,Sheffield
A01HQP4D4931WQW1VV010C58PQ3,01HQP4D4931WQW1VV010C58PQ3,Spain,Loomis,187625,Barcelona
A01HQP4D4947EJ8QFEWDXAAVHF2,01HQP4D4947EJ8QFEWDXAAVHF2,France,Trailsway,UW5 1XR,Lille
A01HQP4D496M29G2D9YQ3TF6EYX,01HQP4D496M29G2D9YQ3TF6EYX,China,Garrison,WI20 5KO,Xi'an
A01HQP4D498AFMAV0YJ1Q3GFQN5,01HQP4D498AFMAV0YJ1Q3GFQN5,China,Dexter,107 07,Changchun
A01HQP4D499PPYZ1PTYMKQDZ940,01HQP4D499PPYZ1PTYMKQDZ940,United Kingdom,1st,1333,Liverpool
A01HQP4D49BSPNAEK8FVKYEGS56,01HQP4D49BSPNAEK8FVKYEGS56,South Korea,Leroy,RU0 9TZ,Daejeon
A01HQP4D4RKE9AK2MBE83DCGABN,01HQP4D4RKE9AK2MBE83DCGABN,Spain,Pierstorff,Y7 9ZQ,Valencia
A01HQP4D4RP18XKMHM8KX3V94CY,01HQP4D4RP18XKMHM8KX3V94CY,United Kingdom,Moose,NK2 1RY,Manchester
A01HQP4D4RS8548KC13M6ET1SXK,01HQP4D4RS8548KC13M6ET1SXK,United Kingdom,Eagle Crest,YP2 4KX,London
A01HQP4D4RVWKP91SDB8V7YT5AR,01HQP4D4RVWKP91SDB8V7YT5AR,Italy,Dorton,1239,Bologna
A01HQP4D4RXS8BXH6QEKZBVFVZK,01HQP4D4RXS8BXH6QEKZBVFVZK,United Kingdom,Pawling,238411,Newcastle upon Tyne
A01HQP4D4RZ9VAZ786VAGZ60JT5,01HQP4D4RZ9VAZ786VAGZ60JT5,United Kingdom,7th,FH61 5AN,Reading
A01HQP4D4S1V9ANV9E6YE3GGF1E,01HQP4D4S1V9ANV9E6YE3GGF1E,United Kingdom,Daystar,94273,Belfast
A01HQP4D4S35370YXJ2RDS976XH,01HQP4D4S35370YXJ2RDS976XH,Northern Ireland,Parkside,939-1351,Bangor
A01HQP4D4S51RPMKJRPN8V7R8TP,01HQP4D4S51RPMKJRPN8V7R8TP,Austria,Holmberg,4920-070,Vienna
A01HQP4D4S77NBW0SBN4FRP51RH,01HQP4D4S77NBW0SBN4FRP51RH,United States,Acker,60604,San Antonio
A01HQP4D4S91GVAJKD9RYBGZJEA,01HQP4D4S91GVAJKD9RYBGZJEA,United Kingdom,Glacier Hill,GI2 4XO,Liverpool
A01HQP4D4SCZJ5T2P2X23NZ63Z2,01HQP4D4SCZJ5T2P2X23NZ63Z2,Portugal,Lyons,84-353,Coimbra
A01HQP4D4SE7KWEREW2R1BQKVZ3,01HQP4D4SE7KWEREW2R1BQKVZ3,United Kingdom,Hallows,U30 2HK,Coventry
A01HQP4D4SGTNSSW5H7QZRG9YRQ,01HQP4D4SGTNSSW5H7QZRG9YRQ,United States,Muir,KS4 0EM,Houston
A01HQP4D4SJTAE97PSM163B3NAW,01HQP4D4SJTAE97PSM163B3NAW,Finland,Cottonwood,H05 1DP,Pori
A01HQP4D4SMRR63VNR39K9RQBF7,01HQP4D4SMRR63VNR39K9RQBF7,United States,Hollow Ridge,JT03 1AN,San Jose
A01HQP4D4SP28ZRS1XKW8T1605K,01HQP4D4SP28ZRS1XKW8T1605K,United Kingdom,Carpenter,705079,Leeds
A01HQP4D4SRJP7MW21DM9PQ280C,01HQP4D4SRJP7MW21DM9PQ280C,Wales,Katie,D65 8AA,Port Talbot
A01HQP4D4ST97NRPJT6VF1HPWR9,01HQP4D4ST97NRPJT6VF1HPWR9,Netherlands,Mendota,25215 CEDEX,Utrecht
A01HQP4D4SWZYEDVVFAFHRX78Q2,01HQP4D4SWZYEDVVFAFHRX78Q2,United Kingdom,Hansons,1703,Reading
A01HQP4D4SZBQ3NC59TMMKYHWJD,01HQP4D4SZBQ3NC59TMMKYHWJD,United Kingdom,Eastlawn,W6 7BY,Sheffield
A01HQP4D4T1Z9775QX2PK72A3ZY,01HQP4D4T1Z9775QX2PK72A3ZY,France,Parkside,M7 9MG,Bordeaux
A01HQP4D4T3S80JMFAZGV5Y0V98,01HQP4D4T3S80JMFAZGV5Y0V98,United Kingdom,Maywood,398032,Sheffield
A01HQP4D4T57VDC9H171CZCNPQ0,01HQP4D4T57VDC9H171CZCNPQ0,Spain,Magdeline,L86 8UQ,Las Palmas de Gran Canaria
A01HQP4D4T72D93SP2CWMS108TW,01HQP4D4T72D93SP2CWMS108TW,Portugal,Waubesa,7743,Set¨²bal
A01HQP4D4T94BNQDQ3VEA14FPMF,01HQP4D4T94BNQDQ3VEA14FPMF,United States,Melrose,R79 6UK,Denver
A01HQP4D4TAGSGNP9DD4CAEE6KP,01HQP4D4TAGSGNP9DD4CAEE6KP,United Kingdom,Artisan,JD76 8ZF,Liverpool
A01HQP4D4TC2MQRAM3JA8TB4XFH,01HQP4D4TC2MQRAM3JA8TB4XFH,United Kingdom,Prairieview,JS4 5UT,London
A01HQP4D4TDHVSXDN0P034HTAJX,01HQP4D4TDHVSXDN0P034HTAJX,United Kingdom,Brickson Park,J66 3LL,Nottingham
A01HQP4D4TFNYVTF79936NQDWTK,01HQP4D4TFNYVTF79936NQDWTK,United Kingdom,Westend,542 42,Manchester
A01HQP4D4THWKCB92P4E9QFR5DG,01HQP4D4THWKCB92P4E9QFR5DG,United Kingdom,2nd,14040 CEDEX 4,Birmingham
A01HQP4D6DDD2NN7RS5DCFS4397,01HQP4D6DDD2NN7RS5DCFS4397,United Kingdom,Steensland,N1 8NW,London
A01HQP4D6DEYRDT0ZJYCM2V5Z2Z,01HQP4D6DEYRDT0ZJYCM2V5Z2Z,United Kingdom,Beilfuss,32-503,Aberdeen
A01HQP4D6DFC9DMNVAAS9N199GF,01HQP4D6DFC9DMNVAAS9N199GF,Belgium,Green,627439,Ghent
A01HQP4D6DGY6XKYS1AHV3CJG7E,01HQP4D6DGY6XKYS1AHV3CJG7E,United Kingdom,Chive,RH5,Liverpool
A01HQP4D6DHXYP83DFSWG71MEMV,01HQP4D6DHXYP83DFSWG71MEMV,United Kingdom,Bobwhite,368540,Edinburgh
A01HQP4D6DJWKKWCKY4JWDEYD82,01HQP4D6DJWKKWCKY4JWDEYD82,United Kingdom,Bluestem,64-720,Portsmouth
A01HQP4D6DKA7K2AQ25E7V0N220,01HQP4D6DKA7K2AQ25E7V0N220,United Kingdom,Beilfuss,W46 4LT,Leicester
A01HQP4D6DM3XMSKKQQR6A1M73A,01HQP4D6DM3XMSKKQQR6A1M73A,Wales,South,N45 8KM,Wrexham
A01HQP4D6DNBPYTXFD4BYXE3QDE,01HQP4D6DNBPYTXFD4BYXE3QDE,China,Packers,SM5 0OU,Shanghai
A01HQP4D6DPAX354JJDJS0JQBSB,01HQP4D6DPAX354JJDJS0JQBSB,United States,Anniversary,42-793,Denver
A01HQP4D6DQ7NDGS9EJKV9WTRN8,01HQP4D6DQ7NDGS9EJKV9WTRN8,United Kingdom,Schiller,3776,Manchester
A01HQP4D6DRGAQDVP7E606BWYWB,01HQP4D6DRGAQDVP7E606BWYWB,United Kingdom,Riverside,90036,London
A01HQP4D6DSWHFWK4QX3266PVKM,01HQP4D6DSWHFWK4QX3266PVKM,France,Sherman,OG2 5KL,Paris
A01HQP4D6DT0DKBFFMNHGKNAN26,01HQP4D6DT0DKBFFMNHGKNAN26,Netherlands,Fordem,05-520,Tilburg
A01HQP4D6DVT5MVSPHY9QADHZVF,01HQP4D6DVT5MVSPHY9QADHZVF,United Kingdom,Farmco,21901,Leeds
A01HQP4D6DW43Q5Q8HT5DJBKDMA,01HQP4D6DW43Q5Q8HT5DJBKDMA,United Kingdom,Basil,F3 5SX,Sheffield
A01HQP4D6DXTW8PDXQYYHKNGE6E,01HQP4D6DXTW8PDXQYYHKNGE6E,United Kingdom,Grover,W5 0LJ,London
A01HQP4D6DY4HWRNDJFTAP9VKYY,01HQP4D6DY4HWRNDJFTAP9VKYY,Switzerland,Shelley,YL2 0OF,Basel
A01HQP4D6DZ0B9FDGM7ZCSBM8V8,01HQP4D6DZ0B9FDGM7ZCSBM8V8,China,Cascade,OA67 6ZQ,Beijing
A01HQP4D6E0W4N6ER60VZ8QW87X,01HQP4D6E0W4N6ER60VZ8QW87X,United Kingdom,Summerview,39200-000,London
A01HQP4D6E1BJ2SJT42G57BYGJ9,01HQP4D6E1BJ2SJT42G57BYGJ9,China,Bultman,6414,Chengdu
A01HQP4D6E2166HAB08DPAD9J8F,01HQP4D6E2166HAB08DPAD9J8F,South Korea,Bashford,26-070,Incheon
A01HQP4D6E3Z7YRKKD1N618HRJ5,01HQP4D6E3Z7YRKKD1N618HRJ5,Belgium,Ridgeway,15250,Antwerp
A01HQP4D6E4P2ZHQWQDWF0V6X7S,01HQP4D6E4P2ZHQWQDWF0V6X7S,United Kingdom,Ohio,841 01,Edinburgh
A01HQP4D6E5JHR9RWFY2RB64DPN,01HQP4D6E5JHR9RWFY2RB64DPN,France,Grim,4045,Strasbourg
A01HQP4D6E63DK59449JKHZRPH7,01HQP4D6E63DK59449JKHZRPH7,Iceland,Lindbergh,MF6 4IF,Hafnarfj?r?ur
A01HQP4D6E7GESWDFMJ67XPM2S0,01HQP4D6E7GESWDFMJ67XPM2S0,United States,Donald,97102 CEDEX,Los Angeles
A01HQP4D6E8RHJRKPRBAQTTJG1J,01HQP4D6E8RHJRKPRBAQTTJG1J,United Kingdom,West,C93 8RM,Reading
A01HQP4D6E96VYZVHKBH1CY7MTT,01HQP4D6E96VYZVHKBH1CY7MTT,United Kingdom,Carey,427265,Coventry
A01HQP4D6EAQ5KZV8218WBEQMB4,01HQP4D6EAQ5KZV8218WBEQMB4,United Kingdom,Dennis,T3 9OT,Southampton
A01HQP4D6EBMA6FEY5RZW3CKBD7,01HQP4D6EBMA6FEY5RZW3CKBD7,United Kingdom,Northland,LG7 3MS,Sheffield
A01HQP4CZQNTPTTCBVMCTRTYZ6N,01HQP4CZQNTPTTCBVMCTRTYZ6N,United Kingdom,Ridgeview,WF7 1TI,Edinburgh
A01HQP4CZQQHERND0CVAHFB450N,01HQP4CZQQHERND0CVAHFB450N,Denmark,Lakewood Gardens,XC4 8NS,Esbjerg
A01HQP4CZQSAC6T2D6YYX8EBGEK,01HQP4CZQSAC6T2D6YYX8EBGEK,United Kingdom,Ilene,U96 4YI,Hull
A01HQP4CZQV5AT75EZZF8C9D7WC,01HQP4CZQV5AT75EZZF8C9D7WC,United Kingdom,Barnett,GQ32 4DP,London
A01HQP4CZQWW89SX964NKJ28E8F,01HQP4CZQWW89SX964NKJ28E8F,United Kingdom,Fair Oaks,KO3 5BM,Manchester
A01HQP4CZQYFPBMK763BTDBQFC7,01HQP4CZQYFPBMK763BTDBQFC7,United Kingdom,Granby,242760,London
A01HQP4CZR064RFZW59K3WYVRFR,01HQP4CZR064RFZW59K3WYVRFR,Germany,Emmet,Z5 5WE,Leipzig
A01HQP4CZR1X98TGWV966EMDS71,01HQP4CZR1X98TGWV966EMDS71,Scotland,Clyde Gallagher,56017,Kilmarnock
A01HQP4CZR3WRKYRDP3Z3XWSG42,01HQP4CZR3WRKYRDP3Z3XWSG42,United States,Riverside,270-1108,New York City
A01HQP4CZR5D8Y9WQV56MZ08H4J,01HQP4CZR5D8Y9WQV56MZ08H4J,Sweden,Melby,2701,V?ster?s
A01HQP4CZR65N0TAXGD1B44C4D2,01HQP4CZR65N0TAXGD1B44C4D2,Switzerland,Washington,2435-362,Biel/Bienne
A01HQP4CZR8H55JVBC96KTXYN2J,01HQP4CZR8H55JVBC96KTXYN2J,United Kingdom,Colorado,IX54 6LS,Edinburgh
A01HQP4CZRAKNBMPC2T19PWMTF2,01HQP4CZRAKNBMPC2T19PWMTF2,Northern Ireland,Michigan,9800,Newtownards
A01HQP4CZRB1J2S63E4GQXHWNB5,01HQP4CZRB1J2S63E4GQXHWNB5,United Kingdom,Almo,OM5 0FN,Manchester
A01HQP4CZRD490AR0SGWFW21BRY,01HQP4CZRD490AR0SGWFW21BRY,United States,Jana,Z98 6XP,San Francisco
A01HQP4CZREA0PTD94SXP649XNZ,01HQP4CZREA0PTD94SXP649XNZ,Portugal,Barnett,461677,Vila Nova de Gaia
A01HQP4CZRGF7ESTBAX4QJAYH5V,01HQP4CZRGF7ESTBAX4QJAYH5V,United Kingdom,Blue Bill Park,QE50 6UL,Glasgow
A01HQP4CZRJP5E4P3CMN6FD2DP1,01HQP4CZRJP5E4P3CMN6FD2DP1,Spain,Prairie Rose,HT03 9AQ,Las Palmas de Gran Canaria
A01HQP4CZRK05AAAV1MHDDF2VNK,01HQP4CZRK05AAAV1MHDDF2VNK,China,Harper,5102,Shanghai
A01HQP4CZRNK96Z7JETA3GYEC14,01HQP4CZRNK96Z7JETA3GYEC14,United States,Ronald Regan,793 26,"Washington, D.C."
A01HQP4CZRPQAT66V0S3ZPQX66H,01HQP4CZRPQAT66V0S3ZPQX66H,United States,Ridge Oak,79575,Los Angeles
A01HQP4CZRQM3906AZYNEJDQ6WA,01HQP4CZRQM3906AZYNEJDQ6WA,United Kingdom,Nova,2305,Manchester
A01HQP4CZRR1RVKB0AF251YYYXQ,01HQP4CZRR1RVKB0AF251YYYXQ,Japan,Del Sol,C64 1WR,Yokohama
A01HQP4CZRS75B4X3F0N7VTQKPT,01HQP4CZRS75B4X3F0N7VTQKPT,United Kingdom,Parkside,U13 5YN,Manchester
A01HQP4CZRVG3332J9V0HN1FCGA,01HQP4CZRVG3332J9V0HN1FCGA,China,Fordem,455051,Beijing
A01HQP4CZRXFZ5A1FEQCZENWAD2,01HQP4CZRXFZ5A1FEQCZENWAD2,United Kingdom,Northridge,186793,Southampton
A01HQP4CZRZFR4DQH8XG95WJ2VY,01HQP4CZRZFR4DQH8XG95WJ2VY,United Kingdom,Dixon,7029,Birmingham
A01HQP4CZS0YZ480ZCZ69S40N3M,01HQP4CZS0YZ480ZCZ69S40N3M,United Kingdom,Armistice,YU10 5XU,London
A01HQP4CZS2X92V32176A7S82HK,01HQP4CZS2X92V32176A7S82HK,United Kingdom,Vera,6819,London
A01HQP4CZS4CJQBWAMSZ0FKV135,01HQP4CZS4CJQBWAMSZ0FKV135,United Kingdom,Aberg,X73 5KS,Newcastle upon Tyne
A01HQP4CZS5X7K62TYSWB4ZHAHQ,01HQP4CZS5X7K62TYSWB4ZHAHQ,United Kingdom,Linden,5510,Nottingham
A01HQP4D50054KJBFVMBWNJD917,01HQP4D50054KJBFVMBWNJD917,Sweden,Heffernan,366311,Uppsala
A01HQP4D502C9CJ3MA0Y1VV4DJ5,01HQP4D502C9CJ3MA0Y1VV4DJ5,China,Katie,Z07 3EO,Shenzhen
A01HQP4D5037FJ3QPHYNV2S9G0J,01HQP4D5037FJ3QPHYNV2S9G0J,United Kingdom,Kropf,S2 3FK,Belfast
A01HQP4D504Y2WNKBWS6MR8K2AY,01HQP4D504Y2WNKBWS6MR8K2AY,United Kingdom,David,5850,London
A01HQP4D505V35X2K0GQYQHT4EC,01HQP4D505V35X2K0GQYQHT4EC,United Kingdom,Kropf,GA91 1QU,London
A01HQP4D506P3M3SH8Z89NSVCY8,01HQP4D506P3M3SH8Z89NSVCY8,United Kingdom,Del Sol,K79 9UI,Leeds
A01HQP4D507SN9XDAC1TAP0MBG5,01HQP4D507SN9XDAC1TAP0MBG5,China,Helena,AK2 9WB,Chongqing
A01HQP4D508CF0101S7G6MRCBFE,01HQP4D508CF0101S7G6MRCBFE,United Kingdom,Florence,9845,Liverpool
A01HQP4D509TSWMP49TTBJ56KZD,01HQP4D509TSWMP49TTBJ56KZD,United Kingdom,Carpenter,RY3 7WM,Hull
A01HQP4D50AN05XSFM9JHA05RZQ,01HQP4D50AN05XSFM9JHA05RZQ,United Kingdom,Carey,3505-157,London
A01HQP4D50B0513DMKB6A2YKEG8,01HQP4D50B0513DMKB6A2YKEG8,United States,Kings,89-525,Chicago
A01HQP4D50CF0Y1KC53PXF22QPX,01HQP4D50CF0Y1KC53PXF22QPX,United States,Tomscot,5829,Fort Worth
A01HQP4D50D4ZPJHRGK35D351B0,01HQP4D50D4ZPJHRGK35D351B0,United States,Fremont,5090-017,San Diego
A01HQP4D50EBTE0PQQF0W0X96RV,01HQP4D50EBTE0PQQF0W0X96RV,France,Stuart,30132,Montpellier
A01HQP4D50FX848VXWZKGKA1AF4,01HQP4D50FX848VXWZKGKA1AF4,United Kingdom,Donald,C7 3SP,Leicester
A01HQP4D50GNE125JKRHY1GRJE3,01HQP4D50GNE125JKRHY1GRJE3,United Kingdom,Fairfield,94129 CEDEX,Reading
A01HQP4D50J5323ZSP9Z6H4R0KT,01HQP4D50J5323ZSP9Z6H4R0KT,India,6th,E8 8UI,Surat
A01HQP4D50MZYVQ6ME00EM3E6VE,01HQP4D50MZYVQ6ME00EM3E6VE,United States,Leroy,7300,"Washington, D.C."
A01HQP4D50NK7FX94PHGVXNXHDM,01HQP4D50NK7FX94PHGVXNXHDM,United Kingdom,Scoville,456510,Manchester
A01HQP4D50QE9M5XYGKCBZ9JW8Q,01HQP4D50QE9M5XYGKCBZ9JW8Q,United Kingdom,Union,645 94,London
A01HQP4D50SWKJKGEFDN2R2DFCK,01HQP4D50SWKJKGEFDN2R2DFCK,Sweden,5th,1150,Norrk?ping
A01HQP4D50T1S2DY5B4FSGSW4C9,01HQP4D50T1S2DY5B4FSGSW4C9,United Kingdom,Maple Wood,35914 CEDEX 9,Cardiff
A01HQP4D50WVDERBA3GYJ0X55E7,01HQP4D50WVDERBA3GYJ0X55E7,United States,Ridge Oak,99005,San Francisco
A01HQP4D50XT56CNGZHPJF4ZNX8,01HQP4D50XT56CNGZHPJF4ZNX8,Switzerland,Elgar,33680,Zurich
A01HQP4D50ZS51JAB78PEFPZ3Q2,01HQP4D50ZS51JAB78PEFPZ3Q2,United Kingdom,Montana,439 07,London
A01HQP4D5113WK76R9RS3JA6X7F,01HQP4D5113WK76R9RS3JA6X7F,United Kingdom,Meadow Valley,BQ9 5XI,London
A01HQP4D5127YHQ9RMVXCZ1X5T6,01HQP4D5127YHQ9RMVXCZ1X5T6,United Kingdom,Artisan,14654 CEDEX,London
A01HQP4D514YG8QRC4PRYW5CQ8M,01HQP4D514YG8QRC4PRYW5CQ8M,China,Dovetail,K7 1HV,Beijing
A01HQP4D515JMZBTJH7JSSCDMP9,01HQP4D515JMZBTJH7JSSCDMP9,India,Cody,43-245,Pune
A01HQP4D5164VK4QPEJ046NWTFB,01HQP4D5164VK4QPEJ046NWTFB,United Kingdom,Artisan,BN8 5XQ,Newcastle upon Tyne
A01HQP4D518PB35989S90CVEAT4,01HQP4D518PB35989S90CVEAT4,United Kingdom,Wayridge,YV2 1QU,Aberdeen
A01HQP4D179TW3F633CHP57YX53,01HQP4D179TW3F633CHP57YX53,Sweden,Tomscot,1938,Link?ping
A01HQP4D17C5DDJQ51RT9NTPY1W,01HQP4D17C5DDJQ51RT9NTPY1W,United Kingdom,Artisan,XI45 7WF,London
A01HQP4D17DP3F9HX862J8798J2,01HQP4D17DP3F9HX862J8798J2,United Kingdom,Mallory,14449,Leeds
A01HQP4D17FMWC793H6Y4RVGFWX,01HQP4D17FMWC793H6Y4RVGFWX,United Kingdom,Upham,C08 8DU,London
A01HQP4D17HRBTKXN6FR3KT9KEC,01HQP4D17HRBTKXN6FR3KT9KEC,United Kingdom,Pawling,1422,Birmingham
A01HQP4D17JSSFQBMYKZXMQA4RG,01HQP4D17JSSFQBMYKZXMQA4RG,Belgium,Ridgeway,GY07 1GS,Bruges
A01HQP4D17MK1HDBKAD2C5F0M9H,01HQP4D17MK1HDBKAD2C5F0M9H,United Kingdom,Harper,A6 7AU,Leeds
A01HQP4D17PYXB07HPV0W2TWHXY,01HQP4D17PYXB07HPV0W2TWHXY,United Kingdom,John Wall,35000-000,Portsmouth
A01HQP4D17Q3E3YK5DFP2H2Q5XN,01HQP4D17Q3E3YK5DFP2H2Q5XN,United Kingdom,Shoshone,6015,Glasgow
A01HQP4D17S2AAXBZHWM1WGYR23,01HQP4D17S2AAXBZHWM1WGYR23,United Kingdom,Dunning,NP76 0JX,Leeds
A01HQP4D17VG4JJKNS21MWF59G7,01HQP4D17VG4JJKNS21MWF59G7,United Kingdom,Express,5039,Hull
A01HQP4D17X37VBQFK98130RBQD,01HQP4D17X37VBQFK98130RBQD,United Kingdom,Menomonie,MQ72 9HK,Aberdeen
A01HQP4D17YB6546NSS04QCM975,01HQP4D17YB6546NSS04QCM975,Italy,Lien,Y7 5XX,Bari
A01HQP4D180Q9MWK0TQ9Y4RD7BV,01HQP4D180Q9MWK0TQ9Y4RD7BV,United Kingdom,Riverside,507-0901,Glasgow
A01HQP4D182QFCNRTQZX009S0SG,01HQP4D182QFCNRTQZX009S0SG,United Kingdom,Vermont,397325,Birmingham
A01HQP4D183SA3XWBJRVPN0W03D,01HQP4D183SA3XWBJRVPN0W03D,United Kingdom,Merrick,JX30 3TL,Reading
A01HQP4D1857T41245CK7BES2YY,01HQP4D1857T41245CK7BES2YY,Austria,1st,U4 7NY,Klagenfurt
A01HQP4D186H04G0Y8A37FM2D9V,01HQP4D186H04G0Y8A37FM2D9V,Portugal,Nelson,16008,Braga
A01HQP4D188CNH0DZ35AFECANQW,01HQP4D188CNH0DZ35AFECANQW,United Kingdom,Charing Cross,GT91 6HD,London
A01HQP4D18A1TT01DY3ZJ1N3V4T,01HQP4D18A1TT01DY3ZJ1N3V4T,United States,Quincy,T6 5EK,Austin
A01HQP4D18BWJ12Z858VH2FHB2G,01HQP4D18BWJ12Z858VH2FHB2G,Italy,Loeprich,5144,Genoa
A01HQP4D18D5CHNJT6JJT9MZVJB,01HQP4D18D5CHNJT6JJT9MZVJB,Portugal,Superior,S1 5RV,Queluz
A01HQP4D18F1CQRFM7HPXV0C0H1,01HQP4D18F1CQRFM7HPXV0C0H1,United Kingdom,Fairfield,06-320,Aberdeen
A01HQP4D18G4Q6MQEE014TC897P,01HQP4D18G4Q6MQEE014TC897P,United Kingdom,Dapin,30201,Portsmouth
A01HQP4D18JDFTBNDDRC0H6ZT1P,01HQP4D18JDFTBNDDRC0H6ZT1P,United Kingdom,Eagan,152450,Edinburgh
A01HQP4D18MFC65DXV17HW8PAES,01HQP4D18MFC65DXV17HW8PAES,United Kingdom,Oakridge,2320,London
A01HQP4D18NGT0ATGEK7D0TK089,01HQP4D18NGT0ATGEK7D0TK089,China,Harbort,HK6 0LB,Wuhan
A01HQP4D18Q0Y2NT5094PRFKB13,01HQP4D18Q0Y2NT5094PRFKB13,Germany,Shasta,422840,Stuttgart
A01HQP4D18RXXP9G9EVE467AFZV,01HQP4D18RXXP9G9EVE467AFZV,United States,Kropf,737 47,Houston
A01HQP4D18T7N67PPFR5VWNFYGE,01HQP4D18T7N67PPFR5VWNFYGE,Netherlands,Paget,1045,Eindhoven
A01HQP4D18WXXSBR3SZY1XW2SHF,01HQP4D18WXXSBR3SZY1XW2SHF,China,Sauthoff,S5 2TX,Harbin
A01HQP4D2ZKHNYJ0SA5JR65MQ4W,01HQP4D2ZKHNYJ0SA5JR65MQ4W,United Kingdom,Tennyson,VM99 5JV,Reading
A01HQP4D2ZMTNCJX4YAD3ZV2GS4,01HQP4D2ZMTNCJX4YAD3ZV2GS4,United States,Lunder,LS77 2NT,Chicago
A01HQP4D2ZN4DTJG3VTMJ9DR7FF,01HQP4D2ZN4DTJG3VTMJ9DR7FF,United Kingdom,Randy,B73 4BW,Nottingham
A01HQP4D2ZPP4XM2P0CKQDVC4KA,01HQP4D2ZPP4XM2P0CKQDVC4KA,China,Pond,XW5 8QW,Hong Kong
A01HQP4D2ZQ7XBWWVP4YP2QECKP,01HQP4D2ZQ7XBWWVP4YP2QECKP,United Kingdom,Dayton,QB8 0XX,Bristol
A01HQP4D2ZS3Y5J8RGGP9H2DAEJ,01HQP4D2ZS3Y5J8RGGP9H2DAEJ,United Kingdom,Sullivan,2630-015,London
A01HQP4D2ZVZ23EMCE35VD1P30Q,01HQP4D2ZVZ23EMCE35VD1P30Q,United Kingdom,Elmside,SB1 2SK,Southampton
A01HQP4D2ZWKPZJ5SB6337G0S13,01HQP4D2ZWKPZJ5SB6337G0S13,United Kingdom,Utah,513 01,London
A01HQP4D2ZYY4365FQCY13Y0CK7,01HQP4D2ZYY4365FQCY13Y0CK7,United Kingdom,Mcguire,I0 1RX,Hull
A01HQP4D2ZZ2A77EDMY24YSBCKJ,01HQP4D2ZZ2A77EDMY24YSBCKJ,United States,Norway Maple,V3 2ZM,"Washington, D.C."
A01HQP4D3018JDVJHBJRT3T65HQ,01HQP4D3018JDVJHBJRT3T65HQ,United Kingdom,Bluejay,RX07 8SA,London
A01HQP4D303R8AXSSSSFAK7M5Q6,01HQP4D303R8AXSSSSFAK7M5Q6,France,Corscot,06-406,Lyon
A01HQP4D305QEEW2KGFSNPEQZSY,01HQP4D305QEEW2KGFSNPEQZSY,Germany,Schlimgen,13858 CEDEX 3,Hamburg
A01HQP4D306QP5EE4JT5SZWHR5X,01HQP4D306QP5EE4JT5SZWHR5X,United Kingdom,Summit,F35 2KD,Leeds
A01HQP4D3085B8ZGMDBHX5JXEV7,01HQP4D3085B8ZGMDBHX5JXEV7,United Kingdom,Dahle,WC7 4CW,London
A01HQP4D30AFFT7EB653H6XEDVY,01HQP4D30AFFT7EB653H6XEDVY,Austria,Melby,6311,Dornbirn
A01HQP4D30BQ9W1HJW5653MXMAB,01HQP4D30BQ9W1HJW5653MXMAB,United Kingdom,Memorial,EB27 8JH,Newcastle upon Tyne
A01HQP4D30D18M1PQTQRM01TJSB,01HQP4D30D18M1PQTQRM01TJSB,Norway,Bultman,1185,Sandnes
A01HQP4D30FM9HB6W93KE6HE74E,01HQP4D30FM9HB6W93KE6HE74E,Portugal,Fieldstone,T7 9LK,Coimbra
A01HQP4D30GRG7JFT77G6XN29TB,01HQP4D30GRG7JFT77G6XN29TB,United Kingdom,Center,J8 4PU,Edinburgh
A01HQP4D30J8Y77QHCS0T75T450,01HQP4D30J8Y77QHCS0T75T450,United Kingdom,Sloan,589 00,Sheffield
A01HQP4D30K28DCFP54ZEY4AV8R,01HQP4D30K28DCFP54ZEY4AV8R,Scotland,Mariners Cove,357329,Paisley
A01HQP4D30MT20S850CMP0SR79N,01HQP4D30MT20S850CMP0SR79N,United Kingdom,Upham,FK7 9TM,Newcastle upon Tyne
A01HQP4D30N44VXAM2M7JJ1N63X,01HQP4D30N44VXAM2M7JJ1N63X,Finland,Fair Oaks,A89 1CY,Oulu
A01HQP4D30P7TEFWA4XYKHPTT2P,01HQP4D30P7TEFWA4XYKHPTT2P,United States,Eastwood,3610-005,Dallas
A01HQP4D30QZSNE49XVSSSZDZ6M,01HQP4D30QZSNE49XVSSSZDZ6M,Italy,Acker,64-930,Palermo
A01HQP4D30R2TTRGJ70XQFZ5B7N,01HQP4D30R2TTRGJ70XQFZ5B7N,United Kingdom,Manitowish,A8 0VP,Manchester
A01HQP4D30SHXGNSGC1W7C3HWSK,01HQP4D30SHXGNSGC1W7C3HWSK,Belgium,Russell,T9 1VT,Aalst
A01HQP4D30T4E2TV9269S18PDTY,01HQP4D30T4E2TV9269S18PDTY,United States,Fremont,140074,Columbus
A01HQP4D30VQ7HQPB8KCYP2VSNT,01HQP4D30VQ7HQPB8KCYP2VSNT,United Kingdom,Village Green,18550-000,Coventry
A01HQP4D30WW6MT4B9XK1RHGEVK,01HQP4D30WW6MT4B9XK1RHGEVK,Germany,Katie,861-3937,Munich
A01HQP4D5A7MZT0K5EXYEVB693M,01HQP4D5A7MZT0K5EXYEVB693M,Scotland,Caliangt,G99 3PV,Dunfermline
A01HQP4D5AAV1G5Z53C7NXDHJRY,01HQP4D5AAV1G5Z53C7NXDHJRY,United Kingdom,Caliangt,C1 3HW,Southampton
A01HQP4D5AC9F6V493J6Y1GK0CV,01HQP4D5AC9F6V493J6Y1GK0CV,Italy,Schlimgen,542 01,Catania
A01HQP4D5AEK7GA138S6KXCEN81,01HQP4D5AEK7GA138S6KXCEN81,United States,Debs,L6 3UB,San Jose
A01HQP4D5AGFHAQSGAKK22VXBF5,01HQP4D5AGFHAQSGAKK22VXBF5,United Kingdom,Menomonie,62-085,Leeds
A01HQP4D5AJ4KCZ05690MMJM6RP,01HQP4D5AJ4KCZ05690MMJM6RP,United Kingdom,Dexter,QY4 6XJ,Liverpool
A01HQP4D5AMJVY6CMT5VJHMBM8N,01HQP4D5AMJVY6CMT5VJHMBM8N,United Kingdom,Pawling,2725,Edinburgh
A01HQP4D5APSMNJ6C814PWXWB1A,01HQP4D5APSMNJ6C814PWXWB1A,Scotland,Stephen,L29 0UB,Greenock
A01HQP4D5AR28THWX89EBXVYGF4,01HQP4D5AR28THWX89EBXVYGF4,China,Burrows,RV1 0XH,Shenzhen
A01HQP4D5AT1D4MM6E43A9JGGMW,01HQP4D5AT1D4MM6E43A9JGGMW,Spain,Comanche,28940-000,Murcia
A01HQP4D5AWPZ50JYCP84V5JG5Y,01HQP4D5AWPZ50JYCP84V5JG5Y,United Kingdom,Burrows,33980,Cardiff
A01HQP4D5AXJMFSV94V00TXYQAV,01HQP4D5AXJMFSV94V00TXYQAV,United Kingdom,Nobel,W80 8RM,Edinburgh
A01HQP4D5B0KZ4GTJ7RGFNW7NB4,01HQP4D5B0KZ4GTJ7RGFNW7NB4,United Kingdom,David,BU27 0YY,London
A01HQP4D5B1EHGQWQ2JWJF5GG2C,01HQP4D5B1EHGQWQ2JWJF5GG2C,Sweden,Packers,X09 6HK,J?nk?ping
A01HQP4D5B3QZH0S5BPHDV2BSM7,01HQP4D5B3QZH0S5BPHDV2BSM7,China,3rd,1049,Tianjin
A01HQP4D5B4DRT0AED1HDK7HFJD,01HQP4D5B4DRT0AED1HDK7HFJD,United States,Eastwood,628389,Indianapolis
A01HQP4D5B5W2TP9MQGYX3ZMMKK,01HQP4D5B5W2TP9MQGYX3ZMMKK,Sweden,Gale,WH5 1OL,Helsingborg
A01HQP4D5B6Y710HK4ZQ026CKVQ,01HQP4D5B6Y710HK4ZQ026CKVQ,United Kingdom,Green Ridge,DC4 1TM,Leicester
A01HQP4D5B8WTSEJJXG43FRXFVJ,01HQP4D5B8WTSEJJXG43FRXFVJ,United Kingdom,Garrison,OD13 2IN,Sheffield
A01HQP4D5B9YM1ZGXXXT8Y9W4W0,01HQP4D5B9YM1ZGXXXT8Y9W4W0,United Kingdom,Vidon,Y6 0XE,London
A01HQP4D5BAZEX5YGEKD0Q3XAC4,01HQP4D5BAZEX5YGEKD0Q3XAC4,China,7th,45911 CEDEX 9,Xi'an
A01HQP4D5BB6RM7QKT1MBX0PA4C,01HQP4D5BB6RM7QKT1MBX0PA4C,Japan,Amoth,X7 8RC,Sapporo
A01HQP4D5BC0JGYZVCZ0DTP652T,01HQP4D5BC0JGYZVCZ0DTP652T,United Kingdom,Boyd,366309,Manchester
A01HQP4D5BDXCZBBGKMN1Y27CC9,01HQP4D5BDXCZBBGKMN1Y27CC9,Scotland,Glacier Hill,181-0012,Aberdeen
A01HQP4D5BE7H36P0HHAH82JK6W,01HQP4D5BE7H36P0HHAH82JK6W,France,Hallows,24-200,Marseille
A01HQP4D5BFZMKTQPT8KXTSEPKM,01HQP4D5BFZMKTQPT8KXTSEPKM,United States,Corscot,761 31,Columbus
A01HQP4D5BG4D2AX5X75XWXVF1N,01HQP4D5BG4D2AX5X75XWXVF1N,United Kingdom,Pierstorff,624582,Edinburgh
A01HQP4D5BJ808N1ABGNG9SBZET,01HQP4D5BJ808N1ABGNG9SBZET,United Kingdom,Bartelt,C9 4QE,Aberdeen
A01HQP4D5BKFPC0MD2V1F8SGM7X,01HQP4D5BKFPC0MD2V1F8SGM7X,United Kingdom,Sutteridge,LK85 4DW,Coventry
A01HQP4D5BMQ9W0CJG7H3HPWZ1T,01HQP4D5BMQ9W0CJG7H3HPWZ1T,United Kingdom,Fallview,4775-174,Birmingham
A01HQP4D5BNFZHNM599DHX2K128,01HQP4D5BNFZHNM599DHX2K128,United Kingdom,Superior,KW2 1KZ,Leeds
A01HQP4D6CVM3C226VST3YRE5XX,01HQP4D6CVM3C226VST3YRE5XX,United Kingdom,Elgar,C37 2YH,London
A01HQP4D6CX8YSXP8H89S0NFEFR,01HQP4D6CX8YSXP8H89S0NFEFR,United States,Crest Line,1315,Charlotte
A01HQP4D6CZR7Q3G7R7M9KVD72B,01HQP4D6CZR7Q3G7R7M9KVD72B,Portugal,Anderson,336-0036,Queluz
A01HQP4D6D1AVWXHVC12HDP44SF,01HQP4D6D1AVWXHVC12HDP44SF,Wales,Acker,58-521,Swansea
A01HQP4D6D292A79B1QPQWD9Y19,01HQP4D6D292A79B1QPQWD9Y19,United Kingdom,Linden,F0 4EJ,Leeds
A01HQP4D6D4WNQFJR2KHEN0RGNG,01HQP4D6D4WNQFJR2KHEN0RGNG,United Kingdom,Green,WV7 7PZ,London
A01HQP4D6D6YQ0380VQZSY5XVEH,01HQP4D6D6YQ0380VQZSY5XVEH,United States,Mariners Cove,CP46 3OF,Chicago
A01HQP4D6D7SERB527ZCCTE1SBD,01HQP4D6D7SERB527ZCCTE1SBD,United Kingdom,Crowley,CN31 3QD,Liverpool
A01HQP4D6D9Z8ACF5BEBWSJCGB7,01HQP4D6D9Z8ACF5BEBWSJCGB7,Switzerland,Quincy,BI69 1NR,LaUnited Statesnne
A01HQP4D6DA8CXC00Y722W5F631,01HQP4D6DA8CXC00Y722W5F631,United Kingdom,Lyons,4695,Sheffield
A01HQP4D6DCHPDRG10DJF3PPYC3,01HQP4D6DCHPDRG10DJF3PPYC3,United Kingdom,Kennedy,P22 0PQ,Edinburgh
A01HQP4D6DEC466E2P37ZQKCYA7,01HQP4D6DEC466E2P37ZQKCYA7,Spain,5th,XZ36 3OZ,Madrid
A01HQP4D6DFAW9H9T6P27YN3Y4D,01HQP4D6DFAW9H9T6P27YN3Y4D,United Kingdom,Village Green,M24 0HL,Reading
A01HQP4D6DHWGV7JPFX25XHAV3B,01HQP4D6DHWGV7JPFX25XHAV3B,United Kingdom,Rockefeller,526-0212,Birmingham
A01HQP4D6DJ6NRKNKX6J19P4NKX,01HQP4D6DJ6NRKNKX6J19P4NKX,Netherlands,Anniversary,F63 0JM,Rotterdam
A01HQP4D6DMBGERD9ZBKEZM2YMQ,01HQP4D6DMBGERD9ZBKEZM2YMQ,United Kingdom,Hanson,76121,Reading
A01HQP4D6DPKE7YNBJ1GGP7A673,01HQP4D6DPKE7YNBJ1GGP7A673,France,Cottonwood,EQ3 6WA,Toulouse
A01HQP4D6DR2YJS5QXHGY14R64H,01HQP4D6DR2YJS5QXHGY14R64H,United Kingdom,Shoshone,MT6 0JZ,Birmingham
A01HQP4D6DTKDJ1NEYR1N6EQE3T,01HQP4D6DTKDJ1NEYR1N6EQE3T,United Kingdom,Sugar,1715,Coventry
A01HQP4D6DW09YW8DXWD3PGWSVJ,01HQP4D6DW09YW8DXWD3PGWSVJ,United Kingdom,Monica,H1 0HN,London
A01HQP4D6DX3GS6KSN8F28EDCN8,01HQP4D6DX3GS6KSN8F28EDCN8,United Kingdom,Maywood,O12 6RG,Hull
A01HQP4D6DZQK5ZYGZ9WQ8T01VH,01HQP4D6DZQK5ZYGZ9WQ8T01VH,South Korea,Sundown,UT2 7DG,Daegu
A01HQP4D6E0YRV68FY054P1K94G,01HQP4D6E0YRV68FY054P1K94G,United Kingdom,Eagan,DA2 2OE,Cardiff
A01HQP4D6E2WM7YK62TZBWSHV0F,01HQP4D6E2WM7YK62TZBWSHV0F,United Kingdom,Dorton,P64 8XZ,Glasgow
A01HQP4D6E4HRCQCB07002EJ8RK,01HQP4D6E4HRCQCB07002EJ8RK,United Kingdom,Lakewood Gardens,306824,Newcastle upon Tyne
A01HQP4D6E50X0A9S44H518QEGF,01HQP4D6E50X0A9S44H518QEGF,United Kingdom,Schmedeman,N64 7WE,London
A01HQP4D6E7X8S4GHCNPPZTXK1X,01HQP4D6E7X8S4GHCNPPZTXK1X,United Kingdom,Blaine,401 24,London
A01HQP4D6E9DZ5XGDFDB5T1RC9S,01HQP4D6E9DZ5XGDFDB5T1RC9S,France,Nova,6216,Montpellier
A01HQP4D6EA3MKD2BNSBWDGAE4N,01HQP4D6EA3MKD2BNSBWDGAE4N,United Kingdom,Memorial,A15 5AN,London
A01HQP4D6EC6BF6ZMF6H63VC3ZT,01HQP4D6EC6BF6ZMF6H63VC3ZT,Italy,Nova,393710,Rome
A01HQP4D6EE3A8FSG5F0T3KVSE2,01HQP4D6EE3A8FSG5F0T3KVSE2,Italy,Bartelt,7020,Catania
A01HQP4D5CV9TK9EAEA2R0J96PW,01HQP4D5CV9TK9EAEA2R0J96PW,United Kingdom,Reinke,AA1 5TL,London
A01HQP4D5CZSASSX1RM5CFCQ3W4,01HQP4D5CZSASSX1RM5CFCQ3W4,United Kingdom,Corry,G1 8OV,Birmingham
A01HQP4D5D3QVBBVGXM7FQW8MTH,01HQP4D5D3QVBBVGXM7FQW8MTH,Japan,Bellgrove,14908 CEDEX 9,Osaka
A01HQP4D5D66ESPVW9BKP9BQ0G4,01HQP4D5D66ESPVW9BKP9BQ0G4,United Kingdom,Logan,JL5 6AK,Newcastle upon Tyne
A01HQP4D5D9HDBW12C0A9B0BXA4,01HQP4D5D9HDBW12C0A9B0BXA4,United Kingdom,Ridgeview,M82 3XG,Reading
A01HQP4D5DCQGAXP791B4S2MDGG,01HQP4D5DCQGAXP791B4S2MDGG,United Kingdom,Upham,K81 4LK,London
A01HQP4D5DFM4DH4ZC88R4KZ9R4,01HQP4D5DFM4DH4ZC88R4KZ9R4,United Kingdom,Truax,P51,Portsmouth
A01HQP4D5DJRPQY4QTMPHXHGEHN,01HQP4D5DJRPQY4QTMPHXHGEHN,United Kingdom,Bayside,HR62 5UX,Birmingham
A01HQP4D5DNDBHNVY5P2JK850ZR,01HQP4D5DNDBHNVY5P2JK850ZR,United Kingdom,Cottonwood,676859,Sheffield
A01HQP4D5DRBHVB2EKR90AXXXA7,01HQP4D5DRBHVB2EKR90AXXXA7,United Kingdom,Scott,SQ40 7BM,Leeds
A01HQP4D5DVCVQG2TEP2BJR2J4Y,01HQP4D5DVCVQG2TEP2BJR2J4Y,United Kingdom,Petterle,23250,London
A01HQP4D5DXQ36R0KA1T6BDJ1JJ,01HQP4D5DXQ36R0KA1T6BDJ1JJ,United Kingdom,Kenwood,77240,Nottingham
A01HQP4D5E0NVH9ETXGW5E3SXRX,01HQP4D5E0NVH9ETXGW5E3SXRX,United Kingdom,Lyons,7400-014,Reading
A01HQP4D5E3M0KP9NEYE2FVJQQN,01HQP4D5E3M0KP9NEYE2FVJQQN,United Kingdom,Mosinee,20174 CEDEX 1,Edinburgh
A01HQP4D5E6NQBPV3CJQR8T515T,01HQP4D5E6NQBPV3CJQR8T515T,United States,Dahle,X5 9KG,New York City
A01HQP4D5E8V2E5V2AVY3B4G82N,01HQP4D5E8V2E5V2AVY3B4G82N,United States,Toban,4905-014,New York City
A01HQP4D5EAY77H0M3BVN4WZ4GQ,01HQP4D5EAY77H0M3BVN4WZ4GQ,United Kingdom,Welch,W99 9PB,London
A01HQP4D5EBVXB8R0YWV8MXF15D,01HQP4D5EBVXB8R0YWV8MXF15D,United States,Gale,WQ16 7WE,"Washington, D.C."
A01HQP4D5EDC0T1VVPTWD6HJ9JS,01HQP4D5EDC0T1VVPTWD6HJ9JS,United Kingdom,Goodland,257 44,London
A01HQP4D5EF52WAF59QRT5WZ46J,01HQP4D5EF52WAF59QRT5WZ46J,United Kingdom,Vahlen,M2 6VE,Birmingham
A01HQP4D5EGM3QH91JC47ACX0EG,01HQP4D5EGM3QH91JC47ACX0EG,United Kingdom,Myrtle,5417,Sheffield
A01HQP4D5EJKFKFDW1E7CA1C5H8,01HQP4D5EJKFKFDW1E7CA1C5H8,Spain,Farwell,112 45,M¨¢laga
A01HQP4D5EKX8H81M1K1F2X86RZ,01HQP4D5EKX8H81M1K1F2X86RZ,United Kingdom,Miller,79130-000,Cardiff
A01HQP4D5EMV1ZV5RX1FD8T5TEE,01HQP4D5EMV1ZV5RX1FD8T5TEE,United Kingdom,South,22610,London
A01HQP4D5ENDRBD0TKWR4BEVMRV,01HQP4D5ENDRBD0TKWR4BEVMRV,Germany,South,JN91 8CK,Berlin
A01HQP4D5EPE21KE25A4K48YZWM,01HQP4D5EPE21KE25A4K48YZWM,United Kingdom,Bashford,7565-017,London
A01HQP4D5EQM2SYZKN08WB0385H,01HQP4D5EQM2SYZKN08WB0385H,Norway,Saint Paul,P86 7JK,Fredrikstad
A01HQP4D5ERAV5XNSWZZ4N5KD3P,01HQP4D5ERAV5XNSWZZ4N5KD3P,United Kingdom,Basil,5060-016,Manchester
A01HQP4D5ES3AEG8KR400JFR5CJ,01HQP4D5ES3AEG8KR400JFR5CJ,United Kingdom,Springs,601021,Edinburgh
A01HQP4D5EVX5V25NRNCEJD64E6,01HQP4D5EVX5V25NRNCEJD64E6,Portugal,Cottonwood,2815-625,Aveiro
A01HQP4D6AE78YJN8MGNQRQK6V1,01HQP4D6AE78YJN8MGNQRQK6V1,United Kingdom,Sutteridge,4738,London
A01HQP4D6AJWW5C55M4N80A6890,01HQP4D6AJWW5C55M4N80A6890,United Kingdom,Kenwood,U71 4SG,London
A01HQP4D6ANE76K3BVEV82BGQRZ,01HQP4D6ANE76K3BVEV82BGQRZ,Germany,Pawling,AX5 9HF,Hamburg
A01HQP4D6AQ84K1H5ZD7B5RC9PR,01HQP4D6AQ84K1H5ZD7B5RC9PR,Switzerland,Hermina,98831,Geneva
A01HQP4D6ATT55282Y7KPF00XGG,01HQP4D6ATT55282Y7KPF00XGG,Austria,Chinook,92041 CEDEX,Dornbirn
A01HQP4D6AXWC96PQPEZ86M61H6,01HQP4D6AXWC96PQPEZ86M61H6,United States,Katie,M4 8VL,New York City
A01HQP4D6B0EQX6P9CXF7WZEEDE,01HQP4D6B0EQX6P9CXF7WZEEDE,United Kingdom,Swallow,B5 5KP,Newcastle upon Tyne
A01HQP4D6B2HXPGK467NGR81SVC,01HQP4D6B2HXPGK467NGR81SVC,United Kingdom,Summit,38-458,Liverpool
A01HQP4D6B525FN6QPS8S1TE0VB,01HQP4D6B525FN6QPS8S1TE0VB,Japan,Montana,F65 3UW,Kobe
A01HQP4D6B8SJMQ2NYKKRKHCQ0W,01HQP4D6B8SJMQ2NYKKRKHCQ0W,United Kingdom,Vera,C30 2MD,Bristol
A01HQP4D6BBVWNBK5ZTTWV01Q16,01HQP4D6BBVWNBK5ZTTWV01Q16,Northern Ireland,Canary,SI71 2PF,Newtownabbey
A01HQP4D6BDTN3M6RB8HKNRP5PH,01HQP4D6BDTN3M6RB8HKNRP5PH,United Kingdom,Vidon,G11 9OD,Aberdeen
A01HQP4D6BEFZ80CYQ5PN9QZKPT,01HQP4D6BEFZ80CYQ5PN9QZKPT,Netherlands,Toban,763008,The Hague
A01HQP4D6BGCSYFV1M6R73B6ZY7,01HQP4D6BGCSYFV1M6R73B6ZY7,China,Heffernan,PC92 2PB,Wuhan
A01HQP4D6BH4GGG543HK2P4TZ2R,01HQP4D6BH4GGG543HK2P4TZ2R,United Kingdom,Goodland,T6 1WK,Cardiff
A01HQP4D6BKJTGQH74BP921YAPT,01HQP4D6BKJTGQH74BP921YAPT,Austria,Walton,KI23 9IS,Klagenfurt
A01HQP4D6BNTWQQ0TGN4KB5NB4S,01HQP4D6BNTWQQ0TGN4KB5NB4S,Sweden,4th,612730,Malm?
A01HQP4D6BPHA4HZY8KEKXKNWPW,01HQP4D6BPHA4HZY8KEKXKNWPW,United Kingdom,Maywood,V68 7WV,Southampton
A01HQP4D6BQ5VKEMM333NM5X9RY,01HQP4D6BQ5VKEMM333NM5X9RY,United Kingdom,Golf View,TJ1 7WS,London
A01HQP4D6BR3WWY3VZBC2GH160N,01HQP4D6BR3WWY3VZBC2GH160N,Austria,Anhalt,NM4 1LV,Sankt P?lten
A01HQP4D6BSJ2CG9SC48DJRN5YB,01HQP4D6BSJ2CG9SC48DJRN5YB,United Kingdom,Glendale,48280-000,London
A01HQP4D6BTAB2C6ERYN75AE8G7,01HQP4D6BTAB2C6ERYN75AE8G7,Austria,Sachs,39280-000,Wels
A01HQP4D6BV7R7YSHN2A3JVM717,01HQP4D6BV7R7YSHN2A3JVM717,France,Dwight,F20 0YG,Marseille
A01HQP4D6BWM27Q10FS1KZ6X6XD,01HQP4D6BWM27Q10FS1KZ6X6XD,United Kingdom,Veith,4410,Edinburgh
A01HQP4D6BXZ3PJ116Z8074SGMF,01HQP4D6BXZ3PJ116Z8074SGMF,United Kingdom,Ridge Oak,KZ3 7PQ,Glasgow
A01HQP4D6BY8K4MY7283VNBE8N3,01HQP4D6BY8K4MY7283VNBE8N3,Austria,Lawn,QF95 0PU,Innsbruck
A01HQP4D6BZQYXH66NE54MH1FZ8,01HQP4D6BZQYXH66NE54MH1FZ8,United Kingdom,Dawn,55120,London
A01HQP4D6C0WMXP8ZYN8R5ZRYP4,01HQP4D6C0WMXP8ZYN8R5ZRYP4,Spain,Northport,22-120,Murcia
A01HQP4D6C1GDCT3PK7N3TXDERX,01HQP4D6C1GDCT3PK7N3TXDERX,United Kingdom,Oak,QJ49 3RQ,Portsmouth
A01HQP4D6C2S3FQ38RKV2NYP6DV,01HQP4D6C2S3FQ38RKV2NYP6DV,Finland,Commercial,8508,Turku
A01HQP4D6C3BX8V8M765EKD6DVD,01HQP4D6C3BX8V8M765EKD6DVD,United Kingdom,Lawn,YX3 6CW,London
A01HQP4D5Z1N2SFXHV73GQDBEMY,01HQP4D5Z1N2SFXHV73GQDBEMY,Switzerland,Bay,BC71 3GC,Geneva
A01HQP4D5Z4W847T8R2BAZ6JM3P,01HQP4D5Z4W847T8R2BAZ6JM3P,China,Eagle Crest,2525,Shanghai
A01HQP4D5Z5MR0VYT0QEPQEAJMX,01HQP4D5Z5MR0VYT0QEPQEAJMX,United Kingdom,Bonner,EJ8 8OU,Belfast
A01HQP4D5Z7WQPQHV82GT2BXEDQ,01HQP4D5Z7WQPQHV82GT2BXEDQ,United Kingdom,Magdeline,3530,London
A01HQP4D5Z87XTX6QWG916S27C2,01HQP4D5Z87XTX6QWG916S27C2,Spain,Bultman,64-710,Valencia
A01HQP4D5ZABP3R8DKY3M6VG5WE,01HQP4D5ZABP3R8DKY3M6VG5WE,Portugal,Fulton,HI5 3XS,Funchal
A01HQP4D5ZB1JQZVMTC5VEC6G69,01HQP4D5ZB1JQZVMTC5VEC6G69,Austria,Elmside,573 23,Sankt P?lten
A01HQP4D5ZD75ZH6E58YX3H4B4F,01HQP4D5ZD75ZH6E58YX3H4B4F,United Kingdom,Stuart,8115,Leicester
A01HQP4D5ZEM1EBTBV8FN79YGVZ,01HQP4D5ZEM1EBTBV8FN79YGVZ,United Kingdom,5th,K3 0LO,Manchester
A01HQP4D5ZGNWNRCPNXY864ZKRH,01HQP4D5ZGNWNRCPNXY864ZKRH,United Kingdom,Barnett,I2 6IV,London
A01HQP4D5ZHHBZWNKX2KHPP9F1B,01HQP4D5ZHHBZWNKX2KHPP9F1B,United Kingdom,4th,PK41 0UF,London
A01HQP4D5ZK67BW2E3X0WHMW7YE,01HQP4D5ZK67BW2E3X0WHMW7YE,United States,Laurel,M6 9TR,Seattle
A01HQP4D5ZM5KR6FHQ0KZSFD6S0,01HQP4D5ZM5KR6FHQ0KZSFD6S0,Germany,Northwestern,97-212,Essen
A01HQP4D5ZPJY9HWZP10ETXPSNP,01HQP4D5ZPJY9HWZP10ETXPSNP,United Kingdom,Butterfield,Q1 8GF,Edinburgh
A01HQP4D5ZR12MGMD4NDJET3T0T,01HQP4D5ZR12MGMD4NDJET3T0T,United Kingdom,Duke,TM13 0IE,Glasgow
A01HQP4D5ZTWKYJ7M48K4EWFV1J,01HQP4D5ZTWKYJ7M48K4EWFV1J,United Kingdom,Almo,EX11 3BV,Southampton
A01HQP4D5ZVFYWCWWF04T5EQW5Z,01HQP4D5ZVFYWCWWF04T5EQW5Z,Netherlands,Sutherland,37140-000,Tilburg
A01HQP4D5ZWXV7A39CPMGNE9KA7,01HQP4D5ZWXV7A39CPMGNE9KA7,United Kingdom,Hallows,58-550,Sheffield
A01HQP4D5ZXGAKZX2BPXF0YV8VE,01HQP4D5ZXGAKZX2BPXF0YV8VE,Germany,Hoepker,I82 5JP,Stuttgart
A01HQP4D5ZYYG84RKNF1AX9CKKB,01HQP4D5ZYYG84RKNF1AX9CKKB,United Kingdom,Mockingbird,2950-538,Sheffield
A01HQP4D5ZZKAM3A9H1HRR8VRJ5,01HQP4D5ZZKAM3A9H1HRR8VRJ5,Iceland,Morrow,L65 8RD,Akureyri
A01HQP4D600KZYNBETHT59HE9JK,01HQP4D600KZYNBETHT59HE9JK,United Kingdom,Corscot,KL1 6TO,Birmingham
A01HQP4D601CHWPYBVWCTR21B79,01HQP4D601CHWPYBVWCTR21B79,United Kingdom,Katie,6419,Sheffield
A01HQP4D602ERN8XFB2SM0MM26K,01HQP4D602ERN8XFB2SM0MM26K,United Kingdom,Michigan,606093,London
A01HQP4D60355Z5Q4NKRN3CXCAF,01HQP4D60355Z5Q4NKRN3CXCAF,Portugal,Killdeer,4409,Lisbon
A01HQP4D6040EJ98JKAVKED745M,01HQP4D6040EJ98JKAVKED745M,United Kingdom,Warner,FM43 0XQ,London
A01HQP4D6057Z2E8A8YY85WPVNQ,01HQP4D6057Z2E8A8YY85WPVNQ,United Kingdom,Nancy,CR60 5WF,Reading
A01HQP4D60635Q1SRYKM4ER7QT3,01HQP4D60635Q1SRYKM4ER7QT3,United Kingdom,Corben,MO4 3KP,Edinburgh
A01HQP4D60762591X0BZ0V1KNRF,01HQP4D60762591X0BZ0V1KNRF,United Kingdom,5th,M4 9BF,Leeds
A01HQP4D608RRCJ9KBKMN8WME89,01HQP4D608RRCJ9KBKMN8WME89,United Kingdom,Dwight,D99 2UI,Birmingham
A01HQP4D609K7Q1A39TQBP61WNZ,01HQP4D609K7Q1A39TQBP61WNZ,China,Eagan,75120,Nanjing
A01HQP4D4G902N56DT9NPCZZQF6,01HQP4D4G902N56DT9NPCZZQF6,United Kingdom,Anniversary,1556,Southampton
A01HQP4D4GBBZX3581MZFE7F40T,01HQP4D4GBBZX3581MZFE7F40T,Germany,Harper,KN6 7AI,Dortmund
A01HQP4D4GDW8HCH45JCQAENH3F,01HQP4D4GDW8HCH45JCQAENH3F,Iceland,Muir,13853 CEDEX 3,?rborg
A01HQP4D4GFXSQ7B6M5AWA9E5M8,01HQP4D4GFXSQ7B6M5AWA9E5M8,United Kingdom,Thackeray,27197-000,Manchester
A01HQP4D4GHK69Z0HE3EWQTCDBM,01HQP4D4GHK69Z0HE3EWQTCDBM,United Kingdom,Drewry,M0 5LA,Coventry
A01HQP4D4GJN7ZK0X1T6XHR13K3,01HQP4D4GJN7ZK0X1T6XHR13K3,Wales,Eliot,4805-550,Neath
A01HQP4D4GMP6J94W67Q9RZV1BR,01HQP4D4GMP6J94W67Q9RZV1BR,United Kingdom,Northview,Q0 9DB,Bristol
A01HQP4D4GN5B3RYZ8KES366SCT,01HQP4D4GN5B3RYZ8KES366SCT,United Kingdom,Forest Run,1771,London
A01HQP4D4GQCQNZJEXD8W1G9MZW,01HQP4D4GQCQNZJEXD8W1G9MZW,United Kingdom,Basil,DU37 7SS,Sheffield
A01HQP4D4GS5JA46HK5N34CYC8G,01HQP4D4GS5JA46HK5N34CYC8G,Northern Ireland,Havey,W60 9TA,Craigavon
A01HQP4D4GW8M7JTCMF0DHZKSJK,01HQP4D4GW8M7JTCMF0DHZKSJK,France,Dexter,14000,Nantes
A01HQP4D4GYXJBZD7MS5FVSACVA,01HQP4D4GYXJBZD7MS5FVSACVA,Portugal,Manley,36150,Amadora
A01HQP4D4GZF70NDP8NSTBJWDR6,01HQP4D4GZF70NDP8NSTBJWDR6,Sweden,Coleman,WT66 7FE,Link?ping
A01HQP4D4H1VPPD1PKD8C6FMY8J,01HQP4D4H1VPPD1PKD8C6FMY8J,United Kingdom,Porter,78-314,Birmingham
A01HQP4D4H2X0FKF4ZZGC56MMD0,01HQP4D4H2X0FKF4ZZGC56MMD0,United Kingdom,Charing Cross,XY87 2KY,London
A01HQP4D4H47KFJRB4SK6G6BRQA,01HQP4D4H47KFJRB4SK6G6BRQA,China,West,LD26 7JE,Beijing
A01HQP4D4H5R4992TW5CPTD4WWX,01HQP4D4H5R4992TW5CPTD4WWX,United Kingdom,Farragut,828 25,Edinburgh
A01HQP4D4H7126TPEXY2Z95A7TF,01HQP4D4H7126TPEXY2Z95A7TF,United Kingdom,Redwing,987-0121,Manchester
A01HQP4D4H9TQ5GEDR2SD3Z7D90,01HQP4D4H9TQ5GEDR2SD3Z7D90,United States,Dorton,T4X,Charlotte
A01HQP4D4HA14MMTXBXZ9N8J16N,01HQP4D4HA14MMTXBXZ9N8J16N,United States,Armistice,7300,San Jose
A01HQP4D4HCEQFN4W70EA8BASSP,01HQP4D4HCEQFN4W70EA8BASSP,United States,Clarendon,8333,"Washington, D.C."
A01HQP4D4HD83GEB7K121WXCHDV,01HQP4D4HD83GEB7K121WXCHDV,United Kingdom,Fordem,67609 CEDEX,Hull
A01HQP4D4HF94ZF20WV9BYR8Q76,01HQP4D4HF94ZF20WV9BYR8Q76,China,Lakewood,JV8 0QO,Beijing
A01HQP4D4HH3B70ZDATEVT596CE,01HQP4D4HH3B70ZDATEVT596CE,United Kingdom,Melvin,CI17 7HM,Sheffield
A01HQP4D4HJ9YJHQPC2942TPW1S,01HQP4D4HJ9YJHQPC2942TPW1S,United Kingdom,Londonderry,QP9 9NF,Reading
A01HQP4D4HMJZ42BR9M3JDZPEQJ,01HQP4D4HMJZ42BR9M3JDZPEQJ,Ireland,Pawling,551 01,Waterford
A01HQP4D4HNTQPFTPF3WCE24R8M,01HQP4D4HNTQPFTPF3WCE24R8M,United Kingdom,Eggendart,LV5 4DU,Bristol
A01HQP4D4HQM2SAQN20TMY9G893,01HQP4D4HQM2SAQN20TMY9G893,Portugal,Nobel,C7 1AD,Lisbon
A01HQP4D4HSE6W9PCKT6PBRMCC7,01HQP4D4HSE6W9PCKT6PBRMCC7,Northern Ireland,Cascade,U45 0PK,Derry
A01HQP4D4HTAH4RR9D24W0C8S1W,01HQP4D4HTAH4RR9D24W0C8S1W,China,Clove,396564,Nanjing
A01HQP4D5Z5WGY399545JFMK6R0,01HQP4D5Z5WGY399545JFMK6R0,Scotland,Cordelia,169309,Cumbernauld
A01HQP4D5Z9VMY5Q6VZFTFJFT7M,01HQP4D5Z9VMY5Q6VZFTFJFT7M,United States,Schiller,H95 0RB,Los Angeles
A01HQP4D5ZAC2SGW8EHKKN08F31,01HQP4D5ZAC2SGW8EHKKN08F31,United Kingdom,Pearson,NW96 8WO,Coventry
A01HQP4D5ZDW7KCW0EF4HS0NWRY,01HQP4D5ZDW7KCW0EF4HS0NWRY,Italy,Hoepker,72595,Milan
A01HQP4D5ZGG80ZBSQD620FVG2S,01HQP4D5ZGG80ZBSQD620FVG2S,United Kingdom,Kim,P31 0XL,Leicester
A01HQP4D5ZJ2F09AKTY30E62J8J,01HQP4D5ZJ2F09AKTY30E62J8J,United Kingdom,Grayhawk,O07 9ZC,Bristol
A01HQP4D5ZP9FPFPCG8D764R6JJ,01HQP4D5ZP9FPFPCG8D764R6JJ,United Kingdom,6th,6725,Bristol
A01HQP4D5ZRWZX0M00H7KKV381H,01HQP4D5ZRWZX0M00H7KKV381H,United Kingdom,Mcbride,VG5 8ZQ,London
A01HQP4D5ZVK24J6T88T90XXCAM,01HQP4D5ZVK24J6T88T90XXCAM,Ireland,Golden Leaf,2310,Swords
A01HQP4D5ZXD3DJM4X4QKTJ6Z3A,01HQP4D5ZXD3DJM4X4QKTJ6Z3A,United Kingdom,Toban,G1 6QK,London
A01HQP4D5ZZCA3MFCM029PM4XYZ,01HQP4D5ZZCA3MFCM029PM4XYZ,United States,Drewry,CB35 0YM,Houston
A01HQP4D601ZFH8935YH2G4NNZV,01HQP4D601ZFH8935YH2G4NNZV,United States,Mallard,S1 0RO,Los Angeles
A01HQP4D60331WEMMVNZAYXNMHW,01HQP4D60331WEMMVNZAYXNMHW,United Kingdom,Green,34-432,Leeds
A01HQP4D606SVA2Y0W0XQXRF40Q,01HQP4D606SVA2Y0W0XQXRF40Q,China,Kings,KS57 6CO,Hong Kong
A01HQP4D608930RB6HX2BWWTFEF,01HQP4D608930RB6HX2BWWTFEF,United Kingdom,Crowley,417 71,London
A01HQP4D60A3ANV6QWFRZ5NZ8AZ,01HQP4D60A3ANV6QWFRZ5NZ8AZ,Belgium,Pepper Wood,1225,Bruges
A01HQP4D60CQMBTNN266YBY3E20,01HQP4D60CQMBTNN266YBY3E20,Iceland,Schiller,29-100,Akranes
A01HQP4D60F64X2XCSQF2QZT56E,01HQP4D60F64X2XCSQF2QZT56E,United Kingdom,Thierer,571,Manchester
A01HQP4D60HXFY94TP8KT575TGN,01HQP4D60HXFY94TP8KT575TGN,United Kingdom,Hudson,606950,Manchester
A01HQP4D60KSRN65ZMVCMXG749Z,01HQP4D60KSRN65ZMVCMXG749Z,Japan,Corben,352144,Nagoya
A01HQP4D60P8H8H0TH76EW5FTEG,01HQP4D60P8H8H0TH76EW5FTEG,Japan,Arizona,HG48 2GK,Kawasaki
A01HQP4D60RXRNDA0JAMKPF12RY,01HQP4D60RXRNDA0JAMKPF12RY,China,Beilfuss,V45 2BE,Shanghai
A01HQP4D60SM6RDNRR6EW1XTF9K,01HQP4D60SM6RDNRR6EW1XTF9K,China,Forest Dale,F44 7MM,Shanghai
A01HQP4D60VAM55JBX1A6WCS3YX,01HQP4D60VAM55JBX1A6WCS3YX,United Kingdom,Manufacturers,L47 4AC,London
A01HQP4D60X4CEG5D4P8AXWN99X,01HQP4D60X4CEG5D4P8AXWN99X,United Kingdom,Rowland,OB21 6EK,Leicester
A01HQP4D60Y6FTMQX378XHCH31F,01HQP4D60Y6FTMQX378XHCH31F,United Kingdom,Tennyson,HY4 6VN,Liverpool
A01HQP4D610MQ6F5ZJSVC0NAPJC,01HQP4D610MQ6F5ZJSVC0NAPJC,United Kingdom,Warbler,2006,Bristol
A01HQP4D611B24TCPXTGA68CHYH,01HQP4D611B24TCPXTGA68CHYH,United Kingdom,Old Shore,KW02 0SP,London
A01HQP4D613EQH6W0NSJBRFX5VS,01HQP4D613EQH6W0NSJBRFX5VS,India,Mifflin,13020,Mumbai
A01HQP4D614RTC5G1XYXBP6PPV0,01HQP4D614RTC5G1XYXBP6PPV0,United Kingdom,Kenwood,51361 CEDEX,Cardiff
A01HQP4D616HXNP95SV07Q920AN,01HQP4D616HXNP95SV07Q920AN,United Kingdom,Golden Leaf,73110,Leeds
A01HQP4D617JEQ067T88Y08N7NR,01HQP4D617JEQ067T88Y08N7NR,United Kingdom,Morning,U8 2RO,Reading
A01HQP4D619H60543XR7YKDVDC6,01HQP4D619H60543XR7YKDVDC6,United Kingdom,Veith,11504,Liverpool
A01HQP4D61AYFF0E0YAQJ19H9PT,01HQP4D61AYFF0E0YAQJ19H9PT,Portugal,3rd,34-331,Amadora
A01HQP4D61CHW4S3RTHPM9CC8ZB,01HQP4D61CHW4S3RTHPM9CC8ZB,United Kingdom,Dorton,BK95 2KM,Manchester
A01HQP4D61EHVZH83RPWJYKYEYP,01HQP4D61EHVZH83RPWJYKYEYP,United Kingdom,Rowland,G9 1SP,Leicester
A01HQP4D61FMQ4G0Y8NWJJY92C9,01HQP4D61FMQ4G0Y8NWJJY92C9,United Kingdom,Talmadge,F5 5SQ,Portsmouth
A01HQP4D61H66XGQ7MTNRVCRZZ3,01HQP4D61H66XGQ7MTNRVCRZZ3,Iceland,Northridge,T5 5HC,Reykjavik
A01HQP4D61JMYQ326PJMXSDTF45,01HQP4D61JMYQ326PJMXSDTF45,United Kingdom,Green Ridge,EJ44 9SL,London
