country,street,city,postcode,saddress_id
United Kingdom,Ridgeview,London,KW10,A-YQO-52820
United Kingdom,Victoria,London,FL8 7MN,A-RMQ-58062
United Kingdom,Westridge,London,B71 7VH,A-MZY-97101
United Kingdom,Erie,Bristol,464 01,A-DVX-48074
Scotland,Rusk,Kilmarnock,P52 3GO,A-OVZ-42251
China,Pierstorff,Shanghai,BG42 0BX,A-UPX-82874
United States,Havey,Dallas,471 41,A-QJM-66746
United States,Northport,Houston,QI8 0ZS,A-AER-75825
United Kingdom,Rusk,Hull,E95 8LF,A-KUW-78655
Switzerland,Fordem,St. Gallen,IH8 3NJ,A-DZW-28249
United Kingdom,Corscot,Cardiff,10140,A-KHY-06895
United Kingdom,Carpenter,London,Y7 7TM,A-WWA-79792
United Kingdom,Di Loreto,Edinburgh,NE57 7PP,A-TSC-55128
United Kingdom,6th,London,B92 2XT,A-EDH-52214
United Kingdom,Twin Pines,Portsmouth,WR3 4HJ,A-WRV-18235
Iceland,4th,Reykjavik,K36,A-PLN-37821
United Kingdom,Bayside,Manchester,11604,A-ZNY-61995
United Kingdom,Sommers,Leicester,34058 CEDEX 1,A-KNB-10906
Scotland,3rd,Inverness,U2 4KX,A-YIZ-88097
Portugal,Dottie,Amadora,92974 CEDEX,A-PZH-12199
United Kingdom,Florence,Cardiff,4515,A-QKJ-05077
United Kingdom,Schlimgen,Leeds,E9 5FL,A-OLO-68598
United Kingdom,Melrose,Reading,1231,A-CII-71756
United Kingdom,Bobwhite,Liverpool,LM19 2VW,A-SJM-44248
United Kingdom,Goodland,Leeds,VY27 4WC,A-ZWO-63002
United Kingdom,Blue Bill Park,London,3776,A-RGE-11387
India,Elmside,Mumbai,TV9 3KS,A-LIJ-70784
Iceland,Golf,Fjar?abygg?,YV38 5UQ,A-MGV-82071
United Kingdom,Warner,London,ZT12 8EX,A-BLA-77049
United Kingdom,Basil,Bristol,TR9 7PG,A-HKC-81549
United Kingdom,Pleasure,Liverpool,14700-000,A-WIQ-37638
United Kingdom,Darwin,Liverpool,I92 3GQ,A-ERP-50812
China,Scofield,Hangzhou,2525,A-KBO-76744
United States,Blaine,New York City,E7 2SJ,A-DTA-38295
China,Lyons,Shanghai,6306,A-XUM-14431
China,Spaight,Shanghai,13599,A-ZLP-47495
United Kingdom,Texas,London,FF0 7VB,A-WST-47759
United Kingdom,2nd,Leicester,10601,A-FUE-24960
United States,Warrior,New York City,KQ82 6HK,A-AKX-37800
Japan,High Crossing,Kawasaki,I6 0HC,A-DJJ-40359
Belgium,Jackson,Mons,JM7 4KU,A-FQN-61642
Japan,Hooker,Nagoya,R16 9IV,A-TXB-31696
United Kingdom,Larry,Manchester,5590,A-ERF-40305
United Kingdom,3rd,Manchester,567 24,A-GZA-71961
Netherlands,Merry,Eindhoven,35160-000,A-IPF-06013
Iceland,Waxwing,Akranes,KZ3 6PH,A-VOB-42851
United Kingdom,Westport,London,73028,A-SKK-01686
United Kingdom,Magdeline,Southampton,S6 0GE,A-YKW-03203
United Kingdom,Northfield,London,35513 CEDEX,A-EGC-29314
Belgium,Village Green,Bruges,2840-146,A-QYL-04009
United Kingdom,Swallow,Glasgow,D20 9EC,A-RPL-44782
United Kingdom,Portage,Leeds,50090,A-HJX-04732
China,Schlimgen,Hong Kong,GR7 1NM,A-UXK-95873
United States,Mandrake,New York City,43280,A-KUP-11505
Ireland,Hauk,Galway,Z6 2MQ,A-BJZ-87355
China,Lakewood,Shanghai,89519,A-QIG-69460
United States,Doe Crossing,Los Angeles,20249,A-DRI-32632
United Kingdom,Kensington,Portsmouth,87330,A-VBG-11058
Spain,Dexter,Seville,4495-103,A-SFE-63606
United Kingdom,Little Fleur,London,LD8 9NI,A-IPL-88269
United States,Annamark,Houston,113 90,A-RSU-61760
United Kingdom,Lindbergh,London,32224,A-MIF-50316
United Kingdom,Macpherson,London,903 01,A-YRZ-56124
Ireland,Warner,Swords,R65 5XV,A-OUP-63969
United Kingdom,Scofield,Leeds,V7 1BQ,A-LJS-06290
United Kingdom,Kim,Bristol,155644,A-LZK-52447
United Kingdom,Spohn,Bristol,4850-304,A-NVK-74090
United Kingdom,Golf,Leicester,F82 5ZR,A-OIW-64264
United Kingdom,Dixon,Leicester,2446,A-GID-45026
Belgium,Meadow Valley,Li¨¨ge,IB51 4YE,A-RDQ-51888
Italy,Lyons,Milan,82-550,A-TOH-94422
Ireland,Redwing,Dundalk,42-256,A-NNQ-99937
United States,Beilfuss,Los Angeles,V7Y,A-IKI-50846
United Kingdom,Spenser,Coventry,40041,A-ALP-05362
United Kingdom,Clemons,Hull,PO3 1BB,A-RFD-71098
China,Kropf,Nanjing,FV1 8LJ,A-OPY-64233
Scotland,Ridgeview,Cumbernauld,CZ1 8ZD,A-BLM-91894
Northern Ireland,Debs,Derry,61650,A-FAV-04660
United Kingdom,Schlimgen,Bristol,762538,A-YXW-52195
Portugal,John Wall,Lisbon,G1 2EC,A-LKR-14186
United States,Glacier Hill,New York City,88-160,A-SDF-44750
United Kingdom,Red Cloud,London,V11 3FJ,A-RNK-09952
United Kingdom,Menomonie,Sheffield,87505,A-YWW-52330
United Kingdom,Merry,Reading,38610-000,A-IWQ-01758
Ireland,Tennyson,Waterford,S3 4MN,A-WMX-53940
United States,Fair Oaks,"Washington, D.C.",YR4 1IY,A-ZYV-65424
United Kingdom,5th,Hull,UK83 1II,A-ARF-13786
China,Becker,Beijing,DI9 8AA,A-RNI-70591
Sweden,Vahlen,Uppsala,FY9 0DZ,A-RLN-58184
United States,Superior,San Jose,J1 6XT,A-RCP-17106
Wales,Doe Crossing,Port Talbot,LJ61 1DC,A-VYB-79487
United Kingdom,Anhalt,Reading,24109,A-KJM-95093
United Kingdom,Bayside,Edinburgh,N1 2VZ,A-MFZ-15865
United Kingdom,Darwin,Manchester,WM5 9NH,A-XTK-49280
United States,Melvin,Charlotte,TO0 7RL,A-IUG-84543
China,Forster,Beijing,TL98 4JE,A-SOW-06472
China,Hanover,Guangzhou,M8 8HK,A-ORC-14738
United Kingdom,International,Birmingham,743 01,A-NGT-46053
United Kingdom,Hanson,London,196658,A-XCX-56598
United Kingdom,4th,Manchester,L62 7SW,A-SGC-23944
Sweden,Spaight,Link?ping,G09 1XG,A-NTC-82271
United Kingdom,Tony,Leicester,311-1500,A-GXJ-48709
France,Anhalt,Nantes,7119,A-ZRG-63495
United Kingdom,Waubesa,London,B88 7BF,A-VPA-46238
United Kingdom,Fuller,Sheffield,36200,A-YAV-84542
Wales,Red Cloud,Neath,369-0137,A-LHO-05328
United Kingdom,Jackson,Belfast,3706,A-MKZ-36831
India,Comanche,Jaipur,A75,A-WQZ-27159
United Kingdom,Red Cloud,Coventry,4560-832,A-HGN-36671
United Kingdom,Graedel,Manchester,WT9 9GY,A-UYM-25095
Switzerland,Gerald,Biel/Bienne,EU84 9QP,A-JTZ-25899
Iceland,Fuller,?rborg,66-220,A-CCL-00740
United Kingdom,Hansons,Southampton,WT78 4DB,A-FCZ-63799
Germany,Morning,Dortmund,155007,A-FAW-51424
United Kingdom,Nancy,Birmingham,Y0 2LU,A-ODE-50455
China,Melody,Nanjing,07-320,A-SSY-40316
United Kingdom,Cambridge,Edinburgh,5425-055,A-KXO-34659
United Kingdom,David,Glasgow,372 34,A-XOW-72664
United Kingdom,Drewry,Southampton,S02 3CO,A-FKM-85259
Netherlands,Lillian,Utrecht,3060-629,A-YQR-56534
United Kingdom,Milwaukee,London,R67 5SY,A-LAT-08036
United Kingdom,Clarendon,Liverpool,37-232,A-ZRM-63504
United Kingdom,Utah,London,D9 0IR,A-AFM-48725
United Kingdom,School,London,JX7 0FK,A-XBI-01337
United Kingdom,Fairview,Edinburgh,503 04,A-QAT-07657
United Kingdom,Fisk,Southampton,13409,A-QWQ-83982
China,Summit,Shenzhen,B9 9MN,A-QYC-10112
Germany,Autumn Leaf,Essen,LI74 1PO,A-YMO-28743
United States,Northfield,Seattle,739 04,A-BHD-80322
Belgium,Nelson,Brussels,W7 6BF,A-XEH-13611
United Kingdom,Kingsford,Leicester,94631 CEDEX 1,A-ZSZ-67057
United Kingdom,Blue Bill Park,Manchester,H2 2NE,A-MFL-86943
United Kingdom,Blaine,London,195509,A-SWL-33136
United Kingdom,Schurz,London,QM77 2XF,A-GUI-93614
Austria,Heath,Sankt P?lten,14400-000,A-NKC-85551
Portugal,Spaight,Funchal,AZ0 3JC,A-OWW-24046
United Kingdom,Elka,Glasgow,ZD93 3LL,A-GAG-90322
Norway,Merry,Troms?,520-0111,A-VRD-08242
United Kingdom,Schmedeman,Sheffield,92684 CEDEX,A-REO-63491
China,Warrior,Shanghai,LD06 4PC,A-LDN-83295
United Kingdom,Southridge,Belfast,J1 6GK,A-SSQ-62799
United Kingdom,Hudson,London,EX82 3ZH,A-KIR-33671
Spain,Hayes,Valencia,366818,A-BUV-98358
Switzerland,Badeau,Geneva,52150,A-LIK-87021
United Kingdom,Swallow,London,84019 CEDEX 1,A-IFS-92167
China,Morrow,Shanghai,FG73 9QT,A-YIM-09350
United Kingdom,Artisan,Portsmouth,2677,A-RFX-29943
Finland,Porter,Turku,32605,A-HYJ-55966
United Kingdom,Hoffman,London,2808,A-ROA-96332
Spain,Fulton,Murcia,86-260,A-UVN-73621
South Korea,Weeping Birch,Gwangju,10152,A-ZKG-23440
United Kingdom,Stephen,Edinburgh,M6 2QA,A-FBC-57810
United Kingdom,1st,Glasgow,NM0 6BZ,A-BOC-00085
Austria,Cambridge,Innsbruck,68500-000,A-QJG-65032
United States,Oneill,New York City,73800-000,A-IZS-22890
Belgium,Summerview,Ghent,G07 6PI,A-HNL-80787
Italy,Ramsey,Genoa,2005,A-TXN-02067
China,Huxley,Beijing,B3 9CP,A-FVC-08427
United Kingdom,Loomis,London,S1 1NC,A-KXR-00462
China,Daystar,Shanghai,P1A,A-MGC-06913
France,Hazelcrest,Marseille,G4 0NS,A-KVT-91832
Austria,Amoth,Wels,43656,A-KBK-53741
United Kingdom,Vermont,London,11504,A-TUO-44400
Austria,West,Sankt P?lten,2640-394,A-WLZ-69674
Sweden,Hoepker,Malm?,J9P,A-KSB-84452
United Kingdom,Hansons,Southampton,GN06 6OL,A-SHU-74025
United Kingdom,Morningstar,London,50205,A-OJX-06185
United Kingdom,Pierstorff,Birmingham,181370,A-DKJ-73860
United Kingdom,Westport,Edinburgh,97-565,A-QZW-01517
China,Loomis,Wuhan,NC4 8DQ,A-XQT-02648
United Kingdom,Mosinee,Cardiff,92337 CEDEX,A-PXD-73061
Austria,Delaware,Klagenfurt,I3 1FQ,A-VJG-32567
United Kingdom,Independence,Sheffield,VJ6 3WB,A-FTU-63323
Netherlands,Garrison,The Hague,AG7 7ZZ,A-RBU-85152
United Kingdom,Karstens,Birmingham,4207,A-XVF-43095
United Kingdom,Morning,Liverpool,K66 8DP,A-NGP-01097
United Kingdom,Sherman,Edinburgh,N19 6JL,A-QPM-56476
United Kingdom,Marcy,Aberdeen,T35 6BD,A-ZMX-81399
United Kingdom,Mandrake,Bristol,CN38 8UD,A-LSV-01576
Northern Ireland,Marcy,Newtownabbey,PW14 8IZ,A-ZLV-65190
United Kingdom,Thierer,London,20249,A-IDV-64946
Japan,Farwell,Kobe,WH67 9XM,A-IQL-16620
Netherlands,Ludington,Breda,76420-000,A-DML-93628
Ireland,Monterey,Navan,I77 5KC,A-HAS-64357
United Kingdom,Delaware,Liverpool,X1 8DT,A-QPO-65411
Austria,Burning Wood,Dornbirn,F7 3QJ,A-YTF-04965
United States,Ilene,New York City,XP5 8ZT,A-RDW-52199
United Kingdom,Randy,Newcastle upon Tyne,8357,A-AXH-21476
Switzerland,Del Mar,Geneva,ST0 6WE,A-SKJ-61914
United Kingdom,Lyons,London,A50 0SY,A-ZVG-59252
United Kingdom,Mosinee,London,G5J,A-XGF-78253
Germany,Portage,Hamburg,31300,A-RZK-11013
United Kingdom,Del Mar,London,R61 3MJ,A-JLP-78616
Portugal,Bultman,Aveiro,FY8 3FE,A-SXZ-86906
Spain,Memorial,Bilbao,7241,A-XBQ-28470
United Kingdom,Butterfield,Manchester,ZI7 4TD,A-VSF-36397
United Kingdom,Nova,Edinburgh,30001,A-YFU-19025
United Kingdom,Westerfield,London,300040,A-SJX-57144
Norway,Birchwood,Fredrikstad,161250,A-CID-18442
United Kingdom,Butterfield,Cardiff,3378,A-UDP-97335
United Kingdom,Rieder,London,R9 8TE,A-QOU-55133
Germany,Brown,Berlin,N2B,A-RMJ-64576
United Kingdom,Ridge Oak,Sheffield,TX02 4JM,A-THM-00750
Spain,Katie,M¨¢laga,4570-308,A-CTE-51943
United Kingdom,South,London,DO2 3NQ,A-GHU-85025
United Kingdom,Corry,Birmingham,R1 3BD,A-URE-43339
United Kingdom,Debs,London,811 53,A-TOU-22688
United States,Banding,"Washington, D.C.",186793,A-CKL-61352
United States,5th,New York City,NY60 5LA,A-QZF-65463
United Kingdom,Del Sol,Reading,682574,A-WQW-52009
United Kingdom,Grasskamp,Edinburgh,15600,A-EUA-00391
United States,Florence,New York City,2248,A-QJD-79529
Japan,Troy,Saitama,YP98 2VT,A-BML-91917
United Kingdom,Clyde Gallagher,Coventry,7000,A-ZNA-59860
United Kingdom,Northview,Leeds,G85 4YI,A-XLK-23602
United Kingdom,Cascade,London,102 46,A-WXU-92623
United Kingdom,Sunfield,Nottingham,357637,A-VRR-55675
United Kingdom,Melby,Birmingham,65715-000,A-GNH-00215
United Kingdom,Killdeer,Sheffield,4089,A-IIZ-28489
Sweden,Loeprich,Malm?,FU67 8KO,A-PAI-74178
United Kingdom,Badeau,Portsmouth,398 53,A-GJB-23307
United States,Eggendart,Philadelphia,JP6 7TO,A-DRV-03457
United Kingdom,Barby,Newcastle upon Tyne,I4 6XB,A-CBI-55296
United Kingdom,Homewood,Reading,67130,A-BQE-90336
United Kingdom,Del Sol,London,431355,A-VTJ-89871
Japan,Schiller,Osaka,391 75,A-EVW-03400
United Kingdom,Vernon,London,33982,A-BTN-77510
United States,Pawling,Phoenix,P0 4HP,A-FPV-21383
United Kingdom,Dapin,London,523 32,A-DBN-04821
United Kingdom,Harper,Birmingham,WK9 8JP,A-RMR-71399
Italy,Elmside,Catania,XE1 6XQ,A-RWB-58072
United Kingdom,Loeprich,London,D25 8UC,A-SHM-93145
Italy,Basil,Rome,175038,A-THT-73413
United Kingdom,Riverside,Nottingham,78285,A-ZFC-22466
France,Vermont,Montpellier,3500,A-TFA-82905
United Kingdom,Hooker,London,5152,A-TKV-49782
United Kingdom,Acker,London,253048,A-MSQ-68745
China,Farmco,Xi'an,11-042,A-RXD-79955
United Kingdom,Springview,Newcastle upon Tyne,EM7 2QQ,A-HSP-66132
United Kingdom,Trailsway,Glasgow,ZL57 6CX,A-IRR-81268
South Korea,Fallview,Daegu,J81 8SO,A-VTX-04975
United Kingdom,Mccormick,Cardiff,SY87 3EJ,A-GMO-32903
United Kingdom,Summit,Birmingham,5881,A-LGF-47626
United Kingdom,Hoffman,Coventry,5856,A-ZQZ-36830
United Kingdom,Green Ridge,London,BP7 4NM,A-CSE-86350
United Kingdom,Debra,Hull,G2 8FN,A-PIZ-49895
United Kingdom,Moland,Reading,88598-000,A-JMZ-49279
United States,Dahle,Columbus,RG18 8SP,A-XYV-82171
United Kingdom,Burrows,Edinburgh,A07 6VH,A-QZP-77777
United Kingdom,Darwin,Aberdeen,69485-000,A-MBA-72481
France,Evergreen,Marseille,VF65 5XY,A-QKF-92849
United Kingdom,Haas,Nottingham,VN6 6OM,A-NEC-43945
Scotland,Mifflin,Aberdeen,40612,A-FXX-91880
United Kingdom,Loftsgordon,Sheffield,F8 2YL,A-PIE-74764
United Kingdom,7th,Manchester,N68 5YT,A-VCE-73700
United States,Riverside,Los Angeles,352174,A-GLF-37691
Japan,Gerald,Sapporo,LH5 9ST,A-YWC-19526
United Kingdom,Briar Crest,Sheffield,2106,A-WKV-66631
United Kingdom,1st,London,PZ2 3EN,A-GKF-46248
China,Clemons,Xi'an,71115,A-SEU-86177
Germany,Lakewood Gardens,Leipzig,614513,A-HVA-47085
United Kingdom,Blackbird,Leicester,RY08 4WI,A-NSS-06108
South Korea,Havey,Daejeon,YV87 8CS,A-IFJ-85317
United Kingdom,Nancy,London,14740-000,A-IRP-96502
Sweden,Monterey,Helsingborg,3570-014,A-FUD-98001
China,Burning Wood,Tianjin,V4 1FN,A-GCK-16488
United States,Jackson,Indianapolis,3707,A-MRP-79654
United Kingdom,Bartelt,London,7213,A-DMT-25651
Sweden,Cody,J?nk?ping,34280,A-LCT-86449
United Kingdom,Oxford,Cardiff,43-474,A-BRW-14033
United Kingdom,Morningstar,Edinburgh,S3 1TM,A-ALJ-55175
Spain,Fairfield,Murcia,O1 4SX,A-PKV-69417
United Kingdom,Sutteridge,London,W9 9MZ,A-FQB-68445
China,Dayton,Shenzhen,QH02 9NS,A-VXA-99220
Scotland,Hollow Ridge,Greenock,37-550,A-NKR-84978
China,Farragut,Beijing,1105,A-GGN-36996
United States,Nova,San Jose,4525-355,A-YEW-68812
United Kingdom,Barnett,Leeds,B83 1ME,A-QVH-10483
United Kingdom,Clemons,Liverpool,F9 7QQ,A-ACK-41900
United Kingdom,Burning Wood,Edinburgh,2840-044,A-XFQ-21161
Italy,Meadow Vale,Palermo,83040 CEDEX 9,A-EHK-08169
Scotland,Namekagon,Dunfermline,T4 7JC,A-CSP-24826
United Kingdom,Dixon,Southampton,30351,A-SET-45973
Italy,Utah,Catania,C64 6SS,A-ADD-61038
China,Corscot,Chengdu,27-580,A-HVP-47038
United Kingdom,Amoth,Newcastle upon Tyne,MA0 3MK,A-OQN-32617
United Kingdom,Hallows,Coventry,UJ62 9ND,A-YUU-89098
Germany,Hayes,Munich,Z81 8UQ,A-PXO-21151
Italy,Fordem,Naples,9803,A-XNW-76986
United States,Cody,Columbus,VA32 3XJ,A-VDF-59082
United Kingdom,Forster,London,32-437,A-BGC-35875
United Kingdom,Kipling,Manchester,89280-000,A-WCG-50530
Belgium,Brickson Park,Aalst,59-141,A-DPO-06454
United Kingdom,Londonderry,London,CV22 7BC,A-OCK-15121
United States,Cambridge,Dallas,HR43 1AE,A-WWT-44312
Italy,Kipling,Palermo,6612,A-ODB-15676
United Kingdom,Buell,Manchester,957-0353,A-KJA-27034
Finland,Banding,Oulu,ZY0 2BX,A-AQR-84149
United Kingdom,Cherokee,Newcastle upon Tyne,20067,A-BNH-10962
Belgium,Moland,Ghent,GS5 6RF,A-PTQ-64398
Scotland,Brickson Park,Paisley,A76 3PA,A-IPS-69541
United Kingdom,Buena Vista,Edinburgh,4940-025,A-XGY-83748
United Kingdom,Hazelcrest,Sheffield,289-1343,A-CQZ-76294
Portugal,Crescent Oaks,Coimbra,426-0025,A-PEO-16001
United States,Loftsgordon,San Antonio,F8 5QN,A-EMV-75759
Norway,Logan,Sandnes,36-030,A-OBM-73502
United Kingdom,Fisk,Liverpool,36164,A-WBF-16879
United Kingdom,Hallows,Newcastle upon Tyne,27-440,A-HAR-22578
United Kingdom,Arizona,London,UG02 5UP,A-RGR-11469
United Kingdom,Monument,Glasgow,HN48 6KV,A-LVG-79918
United Kingdom,Del Sol,Leeds,PS9 9DL,A-PUF-89682
United Kingdom,Esker,London,9512,A-EJL-91111
Austria,West,Dornbirn,U80 3JY,A-GDY-30790
China,Burning Wood,Chongqing,3740-228,A-TUS-11926
Germany,Oriole,Hamburg,1047,A-QIX-15056
France,Corry,Lyon,AP6 7PR,A-SVU-93791
United Kingdom,Troy,London,368551,A-RZW-26722
United States,Buena Vista,"Washington, D.C.",D11,A-QUY-88158
Switzerland,Di Loreto,Winterthur,Z8 2AC,A-ZWH-69069
France,Arapahoe,Paris,U5 0ET,A-YTD-33179
United Kingdom,Tomscot,Hull,M75 8EW,A-MZX-10370
United Kingdom,7th,London,05-280,A-AFW-69793
United Kingdom,Carey,London,63870-000,A-JRB-02431
United Kingdom,Golden Leaf,London,TG11 7MP,A-MLT-95923
United Kingdom,Nelson,Southampton,O0 3US,A-FXH-36524
United Kingdom,Carberry,Bristol,815 92,A-GHF-09628
United Kingdom,Hallows,Newcastle upon Tyne,606084,A-RVZ-20037
Spain,Dexter,Las Palmas de Gran Canaria,456684,A-YOZ-51374
United Kingdom,Bellgrove,Nottingham,PZ53 3NZ,A-OLG-83303
China,Oak Valley,Hong Kong,E4 4EY,A-DPT-44886
United Kingdom,Dayton,Reading,8650-104,A-KCA-09675
United States,New Castle,Chicago,9950-325,A-XVQ-22350
China,Rigney,Harbin,98600-000,A-IEB-59564
United States,Everett,Houston,309975,A-TKW-80061
Netherlands,Northview,Eindhoven,M1 8NA,A-HFX-27843
Northern Ireland,Burning Wood,Bangor,357870,A-JXQ-14185
Germany,Northfield,Stuttgart,14910-000,A-VAR-99444
France,Elgar,Nice,94237,A-KNM-45949
Japan,Muir,Kyoto,OT0 6LB,A-SNJ-93984
Belgium,Redwing,Antwerp,547 01,A-HZM-38537
United Kingdom,Bellgrove,London,HH39 1WC,A-JLM-58268
China,Banding,Wuhan,1005,A-VFD-81350
United Kingdom,Maple Wood,Newcastle upon Tyne,R7 8BG,A-VIT-62611
South Korea,Di Loreto,BUnited Statesn,S19 4UF,A-MQU-23539
United Kingdom,Dorton,Edinburgh,2420-231,A-FTB-74358
Portugal,6th,Queluz,TB33 3JP,A-TIZ-24782
United Kingdom,Coolidge,Aberdeen,C5 0ZL,A-UFI-56226
United Kingdom,Canary,Portsmouth,A7 7VI,A-PBJ-42226
United Kingdom,Monterey,Edinburgh,28031,A-NZQ-67481
United Kingdom,Veith,Southampton,5000,A-MQO-98534
Italy,8th,Genoa,C08 1OI,A-ZEO-94858
United Kingdom,Cody,Leeds,BZ0 7OK,A-ZUT-46446
United Kingdom,Union,London,11403,A-KQL-73902
United States,Coolidge,Austin,KV3 2QR,A-JUT-18927
United Kingdom,School,London,88020 CEDEX,A-PBD-78223
United Kingdom,Ronald Regan,London,C82 3UO,A-CCA-97414
United Kingdom,Banding,Edinburgh,94110,A-CEN-48020
Portugal,Sundown,Braga,GY5 1FV,A-TAW-66746
United Kingdom,Sugar,Reading,V2 0NC,A-CBS-73058
Austria,Declaration,Klagenfurt,10220,A-CLR-09109
Scotland,Knutson,Ayr,B41 4ZZ,A-LAD-05633
Italy,Mifflin,Bari,KI9 3SW,A-CGK-09378
United Kingdom,East,Glasgow,NK33 9VT,A-ZWT-18507
United Kingdom,Schmedeman,Birmingham,633224,A-PPZ-63191
United Kingdom,Gina,Leeds,VY67 1OV,A-KWP-34784
United Kingdom,John Wall,Hull,721 57,A-BGV-24853
United Kingdom,Mcbride,Aberdeen,D65 5YD,A-IJQ-15681
United States,5th,Jacksonville,L2 3YX,A-ZDE-67156
United Kingdom,Thompson,Glasgow,XN2 1FE,A-ZZY-80768
United Kingdom,Buena Vista,Leeds,966-0033,A-TEZ-94281
United Kingdom,Chinook,Leeds,72029 CEDEX 2,A-TML-90641
United Kingdom,Haas,Portsmouth,5400-006,A-YRZ-45952
Belgium,Menomonie,Bruges,6680,A-SPI-53273
United Kingdom,South,Edinburgh,468 22,A-QTU-06974
United Kingdom,Scoville,London,92398 CEDEX,A-DOQ-61788
United Kingdom,Eagle Crest,Birmingham,31136,A-AOZ-11102
United Kingdom,Southridge,London,F6 3GU,A-LAE-59686
United Kingdom,Roxbury,Leeds,20508,A-LJM-59667
United Kingdom,Birchwood,Southampton,LI3 7HR,A-KEQ-41571
Sweden,Rieder,Link?ping,Y41 9YD,A-OYG-26182
United Kingdom,Loomis,Coventry,22119,A-AJJ-15954
United Kingdom,Waywood,Aberdeen,4011,A-TJQ-17662
India,Porter,Pune,85936,A-CIX-91983
United Kingdom,Kinsman,Newcastle upon Tyne,404102,A-UGT-79827
United Kingdom,Vera,London,13260,A-CXA-47437
China,Bashford,Beijing,EJ23 9KY,A-IKW-27026
United States,Tony,New York City,65200-000,A-JII-43884
United Kingdom,Towne,London,V0 7DC,A-HGE-16486
United Kingdom,Roth,London,1283,A-JRO-09263
United Kingdom,Johnson,London,BY36 9BK,A-GEB-72421
Switzerland,Lighthouse Bay,Zurich,655131,A-MMJ-69667
United States,Goodland,San Francisco,925-0145,A-HRP-34167
United Kingdom,Ridgeview,London,B6 3BL,A-EMR-54088
United Kingdom,Daystar,Cardiff,P31 8IP,A-HUV-05024
United States,Iowa,"Washington, D.C.",KT98 3SO,A-IYC-13702
United Kingdom,Southridge,Manchester,4930-250,A-VZC-17407
United Kingdom,Park Meadow,London,757 59,A-UKW-44205
Sweden,Hallows,Norrk?ping,TP87 3NU,A-KFG-88294
India,Grayhawk,Surat,7220-565,A-DXL-43618
United Kingdom,Monica,Leicester,15370-000,A-EVV-59635
United Kingdom,Laurel,Reading,2740-023,A-GJA-70102
United Kingdom,Fisk,London,TE42 1ZK,A-WHK-65061
Japan,Acker,Yokohama,58353,A-PTX-13323
France,Packers,Montpellier,49170-000,A-FCT-14531
United States,7th,Columbus,W9 3IR,A-HIU-26726
United Kingdom,Hollow Ridge,Cardiff,N8V,A-SAQ-66658
United States,Novick,San Diego,413028,A-NQU-01987
United States,Welch,Fort Worth,L52 0YQ,A-NRO-05110
Belgium,Jenifer,Charleroi,Y8 5TR,A-LOZ-17749
United Kingdom,Stang,Coventry,G0 1CP,A-ARI-57457
United Kingdom,Ridgeway,Hull,65204 CEDEX,A-GTD-36268
United Kingdom,Larry,London,LD9 7SB,A-OYJ-02741
United States,4th,Chicago,34-722,A-RUO-63367
Italy,Gina,Milan,87505,A-SCR-27327
United States,Melrose,Denver,636450,A-CAH-53474
Spain,6th,M¨¢laga,P5E,A-IQU-63157
United Kingdom,Elgar,Aberdeen,PW73 3GW,A-QRP-27328
United Kingdom,Fremont,Glasgow,623287,A-HEA-58442
United Kingdom,Carey,London,2635-483,A-LCR-37268
United Kingdom,Arrowood,Glasgow,1290,A-DUA-21239
United Kingdom,Scoville,London,OT3 8HS,A-YGF-79397
China,Pierstorff,Shanghai,B27 8JI,A-POE-41197
United Kingdom,Michigan,Reading,2350-323,A-RDY-02139
United Kingdom,Green,Leicester,TQ98 2EB,A-KGL-05675
Norway,Stone Corner,Oslo,54455,A-FCW-06581
Northern Ireland,Derek,Ballymena,60686,A-JVC-95394
United Kingdom,Transport,Birmingham,Y7 8ZU,A-KSK-15379
United States,Comanche,Los Angeles,3522,A-IWF-82715
South Korea,Graedel,Seongnam,27000-000,A-MAK-09212
United Kingdom,Fordem,Reading,445550,A-SZH-86572
United Kingdom,Stang,London,BX49 9NU,A-LUK-18981
United Kingdom,Superior,London,Q71 4EM,A-SRE-70639
United Kingdom,Rieder,Leeds,252 68,A-ZZY-14469
South Korea,Bartillon,Changwon,UE31 3TC,A-YLT-23425
United Kingdom,Summerview,Manchester,3162,A-YHM-13224
United Kingdom,Sullivan,London,470017,A-VHW-72557
United Kingdom,Sage,Leeds,K5 6MI,A-XSC-80700
United Kingdom,Old Shore,London,H8 7EI,A-NOJ-37232
United States,Coolidge,San Jose,Y5 3DJ,A-YLS-69822
Northern Ireland,Cambridge,Castlereagh,I42 1FF,A-MWT-07707
Italy,Clyde Gallagher,Bari,NW14 2AC,A-KNI-79689
Finland,Pawling,Vantaa,768 11,A-BLY-30045
United Kingdom,Crowley,Edinburgh,OI17 4MW,A-VXG-59367
Scotland,Rockefeller,Perth,QI75 3QN,A-BCO-59329
United Kingdom,Texas,London,G5 4RP,A-DYT-31206
United Kingdom,Nobel,Leeds,KU34 9FI,A-RTJ-04713
United Kingdom,Blackbird,Edinburgh,I70 1ZT,A-BYG-41550
United Kingdom,Riverside,Belfast,65213-000,A-WJT-14125
United Kingdom,Onsgard,London,YF96 1BS,A-KZW-92140
United States,Spenser,Fort Worth,10612,A-SVS-43484
Denmark,Lakewood,Odense,63104,A-WXK-76748
United Kingdom,Meadow Valley,Manchester,DF93 5CT,A-PTK-08550
Denmark,Sullivan,Randers,B3 0SY,A-PTX-38961
United Kingdom,Pine View,Edinburgh,O9 6TR,A-VTB-42026
Scotland,Sullivan,Dundee,43-410,A-VOF-40143
United Kingdom,Buell,Reading,404 32,A-EYQ-23823
France,Arkansas,Lille,IQ5 5QW,A-QRU-94573
Iceland,Mcbride,Hafnarfj?r?ur,75562 CEDEX 12,A-FBF-05432
Spain,Shelley,Valencia,H0 2CJ,A-RMP-54780
Sweden,Redwing,V?ster?s,VK2 4OI,A-ZPQ-78910
United Kingdom,Mockingbird,Edinburgh,B76 7WK,A-ENU-63550
United Kingdom,Lake View,Leeds,91841,A-IZZ-78554
United Kingdom,Talisman,Edinburgh,X8 6CY,A-DNB-60266
India,Myrtle,Hyderabad,413 11,A-YKS-47183
United Kingdom,Briar Crest,Manchester,M28 0HR,A-BHZ-23518
United Kingdom,Nova,Leeds,9009,A-MBW-59724
United Kingdom,Coleman,Sheffield,JL4 8TV,A-UUR-46166
South Korea,Portage,Incheon,399778,A-ABZ-35748
United Kingdom,Thompson,Glasgow,999-2256,A-QIQ-49871
Switzerland,Springview,Lucerne,PU0 6IM,A-QPM-15099
Japan,Dahle,Fukuoka,FA1 5MH,A-LHA-23055
United Kingdom,Colorado,Manchester,618460,A-MXG-84542
United Kingdom,Glendale,Coventry,GC2 5EF,A-KFB-55625
United Kingdom,Dapin,London,2720,A-HJV-00142
United Kingdom,Stuart,London,11009,A-TEH-58652
United Kingdom,Bartelt,London,393028,A-WTL-88134
United States,Rusk,"Washington, D.C.",6538,A-YYW-28076
Germany,7th,Frankfurt,L1 8OE,A-GMD-26335
United Kingdom,Buena Vista,Leeds,31079 CEDEX 5,A-QDP-84214
United Kingdom,Fremont,Liverpool,7047,A-TLO-13546
United Kingdom,Mesta,Sheffield,U53 2TC,A-IRS-13493
United Kingdom,Jackson,Birmingham,TK39 4EH,A-ZHI-58973
United Kingdom,Arapahoe,Manchester,WB9 4LD,A-MTH-96141
United Kingdom,Drewry,Birmingham,859-0413,A-NTZ-42790
United Kingdom,Talisman,Edinburgh,L8 3JR,A-PTE-45627
Switzerland,Ridgeway,Zurich,OB36 8FB,A-YGN-64592
United Kingdom,Atwood,Manchester,Q26 2TZ,A-JKE-52922
United Kingdom,Cardinal,London,NW8 7TK,A-GCZ-32454
Netherlands,Melby,Groningen,FL99 4HW,A-EAY-34601
United Kingdom,Charing Cross,London,AX4 2UI,A-HWW-24459
United Kingdom,Waywood,Edinburgh,55460-000,A-DVK-11724
Ireland,Bluestem,Drogheda,DC6 7WA,A-RKW-27660
Sweden,Lotheville,V?ster?s,M9 7TF,A-SHJ-00925
Sweden,6th,Norrk?ping,83-210,A-ZZH-77082
United Kingdom,Prentice,Bristol,72240,A-UAZ-36054
United States,Lerdahl,Los Angeles,606083,A-BCP-90420
United Kingdom,Carpenter,Leeds,691 45,A-UIG-75978
United Kingdom,Grayhawk,Manchester,GH20 1RT,A-LPI-19356
United Kingdom,Beilfuss,Edinburgh,10001,A-KQZ-24675
Scotland,Harper,Livingston,S78 5DG,A-GNI-76639
United Kingdom,Summerview,London,X44 5QO,A-QJQ-50940
United Kingdom,Golden Leaf,Belfast,69281 CEDEX 01,A-VUF-41526
Netherlands,Mayer,Rotterdam,T40 6JV,A-XVD-47281
Northern Ireland,Westerfield,Newtownards,10250,A-IKL-51929
United States,Talisman,San Antonio,10009,A-CYM-44377
United Kingdom,Blaine,Bristol,659642,A-LTM-52652
United Kingdom,Bowman,London,3860-205,A-NEH-97159
France,Blackbird,Bordeaux,79150-000,A-DIS-29870
United Kingdom,Farragut,Manchester,E90 0EJ,A-KVB-91700
Ireland,Menomonie,Limerick,PT5 5PI,A-VGS-64747
United Kingdom,Little Fleur,Manchester,J6N,A-IHF-62257
United Kingdom,John Wall,London,ME28 8PY,A-HXC-87079
United Kingdom,Rieder,London,64058 CEDEX 9,A-MMA-10445
Scotland,Esker,Edinburgh,3423,A-RYE-30653
United Kingdom,High Crossing,Bristol,439 23,A-VBF-66169
United States,Lyons,San Francisco,H9K,A-BXA-22860
United Kingdom,Texas,Leeds,LV8 3TE,A-NJO-69296
India,Bay,Delhi,Y14 9EC,A-MLK-68383
United Kingdom,Harbort,London,YQ12 1DU,A-AOJ-73434
Germany,Marcy,Munich,692425,A-NTW-08882
United Kingdom,Continental,Newcastle upon Tyne,3523,A-POA-38149
United Kingdom,Banding,Sheffield,99-320,A-UBD-07568
China,Sunfield,Changchun,252 82,A-RUP-04758
China,Manley,Chongqing,T7 7VR,A-WMY-63842
United Kingdom,South,London,KJ89 6DG,A-FIA-60158
United Kingdom,Heffernan,London,9913,A-JSK-62208
United Kingdom,Comanche,Leeds,P71 2MW,A-JES-02285
United Kingdom,Lakeland,London,523 90,A-VNR-13040
United Kingdom,Spenser,London,47405,A-TNX-59660
United States,Quincy,Dallas,UD0 2SG,A-COA-65179
Belgium,Walton,Antwerp,L1 1XB,A-MQL-02582
Northern Ireland,Truax,Belfast,748,A-XXK-61880
United Kingdom,Manitowish,Belfast,DB7 4VM,A-ORY-45180
Belgium,Fisk,Brussels,250258,A-DOJ-14511
United Kingdom,Larry,Edinburgh,V2 8WV,A-ZYN-60769
United Kingdom,Kings,Edinburgh,64300-000,A-COF-75265
United Kingdom,Oxford,London,2000,A-ICS-07582
United Kingdom,Sauthoff,London,Y3 7CF,A-AXQ-42281
United Kingdom,Waubesa,Coventry,L67 8XH,A-EQR-89794
China,East,Suzhou,38-247,A-YIG-95564
Spain,Basil,Madrid,U20 2MM,A-HAK-86449
United Kingdom,Waubesa,Belfast,L54 6UU,A-KUU-19784
United Kingdom,Clove,Edinburgh,14016,A-SCX-81237
United Kingdom,Manitowish,London,7304,A-XEY-89889
United Kingdom,Roxbury,Nottingham,83164 CEDEX,A-IKE-64924
United Kingdom,Grasskamp,Glasgow,VL3 4PS,A-TJU-52466
United States,Linden,Jacksonville,6802,A-HUE-68155
Netherlands,Arizona,Nijmegen,H71 2DV,A-FZP-81251
Portugal,Summit,Coimbra,152850,A-ZJY-02828
Finland,International,Pori,DF6 1BD,A-NCS-94857
China,Declaration,Shanghai,6606,A-JLU-49349
United Kingdom,Manitowish,Manchester,GI02 0GV,A-VAI-84449
Portugal,Linden,Vila Nova de Gaia,N74 2QV,A-QQJ-48657
United Kingdom,Sauthoff,Newcastle upon Tyne,WG30 9CS,A-QVH-92349
Switzerland,Nelson,Basel,75419 CEDEX 08,A-BIS-07742
United Kingdom,Coleman,Nottingham,4910-060,A-XXO-92655
South Korea,Hollow Ridge,Seoul,UF15 3AF,A-RDZ-54636
United Kingdom,Linden,London,L-8069,A-XIO-28726
United Kingdom,Meadow Vale,Belfast,48206,A-UFW-37583
United Kingdom,Rusk,Portsmouth,QP1 3XW,A-QPX-72312
United Kingdom,Banding,Sheffield,II13 5JJ,A-UGW-89615
United Kingdom,Summit,Sheffield,93571 CEDEX,A-ZOL-28270
United Kingdom,Village Green,London,X10 9KZ,A-DUL-87166
United Kingdom,Fuller,Leeds,HR75 1YZ,A-DLG-56415
United Kingdom,Warner,London,65110,A-LAG-16695
China,Roth,Shanghai,96970,A-AGX-69017
United States,Thierer,Denver,C9 1IS,A-EWB-32684
United Kingdom,Ramsey,Coventry,90110,A-XMT-71040
United Kingdom,Mcguire,London,EE4 2QA,A-IJN-27854
Austria,Fairfield,Vienna,RG18 8SB,A-MLS-90290
United Kingdom,Lighthouse Bay,Manchester,3109,A-ICC-99521
United States,Sundown,Philadelphia,2154,A-ZMQ-52290
United Kingdom,Ryan,London,869-1237,A-EAU-98403
United Kingdom,Mayer,London,34-322,A-HNP-76876
United Kingdom,Hazelcrest,Leicester,XA3 4HX,A-MSX-56988
India,Bonner,Kolkata,11001,A-HGY-58755
Sweden,Havey,Gothenburg,4404,A-CCC-65669
United Kingdom,Grasskamp,Hull,3007,A-MGU-19135
United Kingdom,Hintze,Reading,95960-000,A-YXH-23985
United Kingdom,Fordem,London,YA22 3JB,A-LOQ-27839
China,Walton,Wuhan,96970,A-PXE-28439
United Kingdom,Green Ridge,London,E6 1BX,A-KLB-70395
United Kingdom,Mosinee,Aberdeen,659070,A-WFT-51973
Germany,Fremont,Essen,RY68 2OL,A-WTV-24522
Germany,Laurel,D¨¹sseldorf,I6 4BU,A-LJM-32158
Scotland,Russell,East Kilbride,JM9 9DE,A-UPU-24968
United Kingdom,Sundown,London,V38 6CB,A-KRK-98174
United States,Rusk,Seattle,K7 9BK,A-QQU-83626
Switzerland,Transport,Bern,M2 3LM,A-ODS-21485
United Kingdom,Bultman,London,72011,A-IAS-82699
United Kingdom,Buhler,London,TB2 9UX,A-PLW-49583
United Kingdom,Coleman,Manchester,542 87,A-WZP-53704
Northern Ireland,Spaight,Lisburn,4323,A-KTB-11837
Netherlands,Clove,Amsterdam,94590,A-JMQ-20487
United States,Judy,New York City,DN40 1SM,A-HXW-67761
Spain,Graedel,Zaragoza,73-121,A-UUD-00518
United Kingdom,Charing Cross,Southampton,2565-650,A-GIG-38418
Austria,Melby,Salzburg,Y16 2QB,A-ULU-83468
United Kingdom,Declaration,Portsmouth,10315,A-MPT-86934
United Kingdom,Lyons,Manchester,KT74 8LE,A-MWH-12959
United States,Jenna,Charlotte,Q8 0IG,A-OWM-68688
United Kingdom,Corry,London,601136,A-GAZ-03231
United Kingdom,Coleman,Aberdeen,RP2 4SG,A-NUH-67861
United Kingdom,Lakewood Gardens,Nottingham,27705,A-CZW-80277
Germany,5th,Frankfurt,369228,A-ZGI-84369
Spain,School,Barcelona,58322-000,A-APC-01768
Iceland,Knutson,Mosfellsb?r,44984 CEDEX,A-ZIJ-65662
United Kingdom,Heath,Leeds,341 92,A-IWC-92479
Denmark,Mayfield,Gentofte,I00 7HO,A-PYM-68349
United Kingdom,Prentice,Hull,34800-000,A-YQU-81456
Italy,Carey,Florence,EI71 2MS,A-DBP-24429
United Kingdom,Elka,Leeds,W5 2ON,A-VSM-53471
United Kingdom,American Ash,Cardiff,MZ5 5KZ,A-FOO-44106
United Kingdom,Lawn,London,N5 2GS,A-XTK-90532
Sweden,Mesta,Stockholm,3262,A-JUM-91291
United Kingdom,Pleasure,London,5616,A-DDE-74819
United States,Burning Wood,Chicago,KH65 4GI,A-BSH-38777
Austria,Emmet,Vienna,57-403,A-LYK-21539
United Kingdom,Thackeray,Birmingham,E7 1EC,A-FMY-46392
United Kingdom,Welch,Portsmouth,X08 8KC,A-UDK-78779
France,Dovetail,Strasbourg,94049 CEDEX,A-SBV-33758
China,Hagan,Beijing,CQ72 3IM,A-NZV-94456
United Kingdom,Randy,Cardiff,W69 6XP,A-QHK-74746
United Kingdom,Memorial,Coventry,DC1 0MG,A-KDM-30579
United Kingdom,Birchwood,Portsmouth,7100,A-FLX-44262
Netherlands,Tony,Breda,520-0111,A-OEH-22635
United Kingdom,Huxley,London,150627,A-JCQ-09224
Spain,Corry,Barcelona,95719 CEDEX 1,A-QNA-93735
United Kingdom,Gina,Leeds,9261,A-ZWJ-10125
Switzerland,Red Cloud,Lucerne,8521,A-LTD-38334
Austria,Everett,Linz,603 86,A-VEU-52201
United Kingdom,Talmadge,Manchester,5050-401,A-QTN-24773
Portugal,Rutledge,Braga,9212,A-RRC-98678
China,Gina,Chengdu,B09 6FJ,A-VUI-20863
United Kingdom,Veith,Reading,68704 CEDEX,A-FMK-45964
Austria,Summer Ridge,Innsbruck,461 37,A-JMV-63650
United Kingdom,Magdeline,Newcastle upon Tyne,95324 CEDEX,A-FYW-82378
United Kingdom,Ridge Oak,Reading,Y4 7MB,A-QMB-42913
Germany,Forster,Dortmund,9494,A-VML-90123
Wales,Westerfield,Wrexham,22-610,A-QGZ-86770
India,Fallview,Ahmedabad,452 24,A-QNK-21884
United Kingdom,Grim,Manchester,453259,A-RCE-74356
United Kingdom,Laurel,Sheffield,2802,A-QUK-15821
France,Roth,Lyon,IY52 9XR,A-XLR-65815
United Kingdom,Golf,London,6160-402,A-AFW-66138
China,Graedel,Beijing,181370,A-IQS-21743
United Kingdom,Parkside,Coventry,22-672,A-SYX-74952
Spain,Stang,Palma,WQ46 7CY,A-PNA-60587
China,Knutson,Guangzhou,XQ94 3HR,A-KQK-24032
United Kingdom,Erie,London,4650-127,A-PFB-50825
United Kingdom,Transport,Manchester,NQ9 3RZ,A-KNV-44610
United Kingdom,Continental,Newcastle upon Tyne,NR29,A-IXR-04321
United Kingdom,Hermina,Reading,2529,A-UXJ-14471
United Kingdom,Springview,Manchester,49003,A-UIJ-93892
United Kingdom,Prairie Rose,Birmingham,XA8 6WO,A-TPX-63014
Wales,Troy,Llanelli,WX72 6JQ,A-VSI-91745
Sweden,Crest Line,Uppsala,78700-000,A-TGR-48548
United Kingdom,Buhler,Southampton,1600,A-FJN-80678
United Kingdom,Village,Sheffield,69-210,A-NDT-13901
Finland,Charing Cross,Helsinki,1225,A-LXW-01086
Iceland,Coleman,Gar?ab?r,3405-400,A-CST-99897
United Kingdom,Cordelia,Nottingham,54801,A-QZA-08469
United Kingdom,Sugar,Sheffield,W96 2HK,A-BEJ-75137
Switzerland,Sherman,Bern,120 30,A-AHO-09209
China,Muir,Shanghai,636330,A-QKN-03516
United Kingdom,Lerdahl,London,319-1111,A-BGN-68986
United Kingdom,Fieldstone,Bristol,2445-705,A-BIE-51939
Norway,Birchwood,Trondheim,94180,A-VWR-42732
United Kingdom,Killdeer,Reading,9015,A-MOR-40739
United Kingdom,Lien,Birmingham,1980,A-EJP-62441
United Kingdom,Farwell,London,VW6 5PM,A-NLW-98713
United Kingdom,Ronald Regan,Belfast,761517,A-IHQ-86490
China,Paget,Nanjing,4187,A-CIH-52506
United Kingdom,Judy,Liverpool,90160,A-LED-69134
United Kingdom,Vidon,Portsmouth,Y93 0PD,A-MIP-26327
United Kingdom,Ramsey,Leeds,5002,A-KDI-76812
United Kingdom,3rd,Southampton,90035,A-UFI-48558
United Kingdom,Buell,Bristol,LW6 4ZN,A-JVA-90505
Germany,Graedel,Cologne,10514,A-YXL-14030
United Kingdom,Welch,London,4110,A-VCZ-90464
Portugal,Anderson,Set¨²bal,13230,A-CIT-45280
Netherlands,Goodland,Tilburg,A84 2XG,A-HTD-12367
United Kingdom,Jenna,Leeds,ZD9 7FX,A-EXR-99791
South Korea,Green,Ulsan,A21 8PF,A-SNM-90126
United Kingdom,Atwood,London,FB10 6GX,A-FPS-10159
Wales,Oak Valley,Bridgend,06400-000,A-IWS-33890
Denmark,Gateway,Gladsaxe,NI75 1MU,A-KEC-57238
United States,Corscot,"Washington, D.C.",BU7 1BA,A-NDC-71905
United Kingdom,Delaware,London,20270,A-SHG-68132
United Kingdom,Iowa,London,413067,A-AIR-77248
United Kingdom,Barnett,London,511 01,A-EOV-29622
United States,Drewry,New York City,M1 0IT,A-RVQ-69259
Austria,Little Fleur,Salzburg,I2 5KR,A-UGM-39967
United Kingdom,Talisman,London,4514,A-CJB-72824
United Kingdom,Brown,Birmingham,T21 0DM,A-JQX-01785
United Kingdom,Kipling,Manchester,X4 8RK,A-HMM-87657
Italy,Independence,Naples,984-0075,A-JDZ-46807
China,Reindahl,Chengdu,6010,A-TZZ-56960
Switzerland,Graceland,Lugano,369-1201,A-LQW-93851
United Kingdom,Mitchell,Coventry,60070,A-FLN-91785
Switzerland,Cherokee,LaUnited Statesnne,G4 0YX,A-SSQ-95080
United Kingdom,Knutson,London,J13 7LC,A-QLM-68637
United Kingdom,Esker,Newcastle upon Tyne,36-212,A-KTS-18464
United Kingdom,Colorado,Manchester,55407,A-FUF-54113
Northern Ireland,Oxford,Carrickfergus,2049,A-TZD-59879
Germany,Brickson Park,Cologne,R86 6DE,A-ZCE-14171
Austria,Morning,Villach,416372,A-GKG-61060
United States,Starling,Chicago,2725,A-NSQ-58515
Finland,Warrior,Kuopio,SQ1 3HJ,A-BWO-64577
India,Mariners Cove,Chennai,YB5 8PN,A-YNC-00796
China,Susan,Beijing,41200,A-DCD-29828
Norway,Loomis,Drammen,2424,A-CYT-48537
United Kingdom,Mayer,Southampton,4425,A-JRR-80185
Italy,Mitchell,Rome,NR01 2UK,A-VPI-04430
United Kingdom,Ohio,Manchester,607614,A-TRS-30767
United Kingdom,Ruskin,Sheffield,10505,A-JWN-82668
United Kingdom,Carioca,Edinburgh,42275 CEDEX,A-TXO-90762
United Kingdom,Pepper Wood,London,3505-209,A-EQH-41157
United Kingdom,Center,Glasgow,44958 CEDEX 9,A-ZKU-53935
United Kingdom,Merchant,London,M7 0TC,A-UHS-19087
United Kingdom,Nobel,Southampton,XL7 6GB,A-XDV-26179
United Kingdom,Cordelia,London,J9 6XR,A-DDK-78895
United Kingdom,Oriole,Manchester,JZ36 0PL,A-NWB-87449
United Kingdom,Anderson,London,92398 CEDEX,A-PPQ-61775
United Kingdom,Helena,Glasgow,169510,A-HTO-63167
United Kingdom,Bobwhite,London,MU20 9PX,A-UGL-64107
Italy,Schlimgen,Turin,371 23,A-KZN-82278
Belgium,Sugar,Aalst,6525,A-GCV-82748
United Kingdom,Crowley,Birmingham,J18 4UU,A-VRD-83323
Wales,Delaware,Cwmbran,GY13 4RC,A-ZPC-98889
United Kingdom,Veith,Leeds,83120,A-YVL-56905
United Kingdom,Moose,Sheffield,I16 7DV,A-JXQ-82558
United Kingdom,Bonner,Bristol,T7 0NY,A-QVD-94116
United Kingdom,Hudson,London,B93 3WO,A-FZR-57246
United Kingdom,Butterfield,Liverpool,N9 5XA,A-FND-75160
United Kingdom,Bonner,Leicester,RN68 0ZK,A-UZY-04994
United Kingdom,Kinsman,Nottingham,11205,A-QXK-22891
United Kingdom,Jana,London,F1 0QZ,A-AKM-37896
Belgium,Lawn,Leuven,46130,A-BCR-00831
United Kingdom,Westend,Edinburgh,O9 2LP,A-ZLW-45405
United Kingdom,Holmberg,Sheffield,99-352,A-AKY-54705
Switzerland,Manufacturers,Biel/Bienne,Q3 4FB,A-ANP-07586
China,Westport,Shanghai,MF8 0IP,A-UZT-05381
France,Almo,Nantes,OM6 7QN,A-QBZ-02779
Scotland,Grasskamp,Hamilton,1728,A-UQK-28043
China,Old Shore,Beijing,8301,A-DOF-13139
United Kingdom,Rieder,London,H65 2GM,A-NEM-81652
Germany,Starling,Leipzig,U85 0QN,A-QOU-48886
United Kingdom,Chive,Portsmouth,V6 3QO,A-IHU-74705
France,Green,Bordeaux,Y88 0JY,A-SVU-94600
United Kingdom,Glendale,Bristol,5719,A-ZFY-12077
United Kingdom,Elmside,Glasgow,NX0 1RL,A-AJF-50197
United Kingdom,Summer Ridge,London,11-130,A-UKT-19648
United Kingdom,Cottonwood,Leicester,8045,A-OOU-79498
United Kingdom,Namekagon,Birmingham,2415-177,A-DDF-99711
United Kingdom,Clyde Gallagher,London,453444,A-RWJ-49085
United Kingdom,Bunting,Bristol,X7 5ZU,A-EEF-42944
Finland,Ridgeview,Espoo,C38 9JM,A-JMH-88330
United Kingdom,Susan,Aberdeen,2710-470,A-EGX-96267
United States,Jay,Houston,142717,A-HCI-82099
United Kingdom,Pond,London,5155-505,A-GOO-46071
United Kingdom,Donald,Birmingham,GQ8 8PZ,A-JMM-98523
Spain,Comanche,Palma,X77 0IZ,A-MBO-11389
Spain,Marquette,Zaragoza,2416,A-YJB-45844
Belgium,Hanson,Namur,AL22 3RE,A-QYD-59778
United Kingdom,Garrison,Hull,F52 5TT,A-XOF-92243
United Kingdom,Merrick,London,ZB7 1SQ,A-CLJ-14938
United Kingdom,Jenifer,Leeds,75729 CEDEX 15,A-LWE-18087
Denmark,Saint Paul,Esbjerg,PO0 7IS,A-MCY-44994
United Kingdom,Warrior,London,N73 0JY,A-OTL-23680
China,Warbler,Chongqing,3800-596,A-XBY-00724
United Kingdom,6th,London,X97 1EP,A-TMU-90195
United Kingdom,Victoria,Nottingham,V0 5HQ,A-XMP-64561
United Kingdom,Bonner,London,2356,A-HMN-77531
South Korea,Montana,Suwon,742-0021,A-FSF-24402
United Kingdom,Loftsgordon,Edinburgh,620995,A-PXO-00479
China,Annamark,Tianjin,XD4 1FO,A-PPF-50418
United Kingdom,Scott,London,H1 9YY,A-FXX-31379
Netherlands,Summer Ridge,Groningen,YH1 7VR,A-MZW-48414
United Kingdom,Sheridan,Birmingham,M9 8KN,A-GGA-97972
United Kingdom,Oriole,London,R7 3PL,A-LSY-40707
Norway,Blue Bill Park,Kristiansand,V1 5VJ,A-NOK-69162
United Kingdom,Hudson,Leeds,352574,A-UEI-48215
France,Magdeline,Paris,45045 CEDEX 1,A-HEA-28649
United Kingdom,Spenser,London,DS50 1SR,A-NBL-63912
Sweden,Sundown,J?nk?ping,4610-695,A-XOO-91709
United Kingdom,Westend,Coventry,280,A-LCY-21128
United Kingdom,Tennyson,Edinburgh,79600-000,A-ITF-74124
United Kingdom,Hollow Ridge,Newcastle upon Tyne,95201,A-IMV-36141
United Kingdom,Helena,London,PF76 4ZE,A-HAA-52810
United Kingdom,Bartelt,London,ME3 1GW,A-EQB-05280
Iceland,Messerschmidt,Reykjanesb?r,9401,A-IHO-25195
Belgium,Sunnyside,Namur,86-055,A-ZVR-05991
United Kingdom,Blackbird,Aberdeen,5850,A-NBG-71108
Switzerland,Beilfuss,Winterthur,38-535,A-JFI-74685
United Kingdom,Forest,London,PX49 7MM,A-EYW-62171
United Kingdom,Elka,Belfast,3601,A-NMU-01030
United Kingdom,Dapin,London,446849,A-AYP-00297
Switzerland,Steensland,Basel,K6 5CE,A-ZVF-72846
