supplier_id,supplier_name,supplier_phone
SUP-1350,Infinity Goods Supply,521-315-2153
SUP-5189,EcoVend Wholesale,934-988-5416
SUP-0731,TechTrend Distributors,280-331-3317
SUP-5990,Global Harvest Sources,902-852-3172
SUP-9881,PureCraft Supplies,270-173-1967
SUP-2306,UrbanEdge Merchants,461-899-2709
SUP-2177,SurePath Trading Co.,601-244-2839
SUP-5540,EcoEssentials Market,350-614-9532
SUP-7592,BrightBridge Imports,332-801-3035
SUP-4366,Skyline Textiles,743-254-7256
SUP-5688,PixelPulse Electronics,155-344-7164
SUP-1146,NatureNest Organics,617-184-4098
SUP-0230,UrbanArtisan Supplies,917-973-9997
SUP-3534,Streamline Auto Parts,545-396-2949
SUP-1418,MysticMeadow Handicrafts,819-786-6997
SUP-9951,FutureFit Athletic Gear,359-519-1685
SUP-2926,OceanBreeze Seafoods,159-558-0005
SUP-9436,PurelyPaper Office Supplies,645-511-5979
SUP-8748,SolarFlare Renewable Energy,778-984-6977
SUP-3257,CrystalClear Water Solutions,303-792-4457
SUP-0814,SpiceHarbor Gourmet,703-333-4389
SUP-0486,WonderWeave Fabrics,717-487-8662
SUP-0734,RetroRevive Antiques,866-445-3053
SUP-1508,ByteBound IT Solutions,935-670-7817
SUP-0800,ZenGarden Landscaping Supplies,707-648-8508
SUP-4951,AeroDynamics Aviation Parts,326-480-0498
SUP-5567,FarmFresh AgriProducts,571-926-8086
SUP-4272,TerraFirma Building Materials,814-198-0392
SUP-9284,CosmicKids Toys & Games,830-968-6834
SUP-8387,LiquidGold Oil & Lubricants,853-638-0808
SUP-8237,HighTower Furniture,863-398-2275
SUP-1901,SparkleClean Janitorial Supplies,309-369-3083
SUP-8040,NextWave Plastics,595-972-3428
SUP-1693,GrandGourmet Catering Supplies,343-810-1068
SUP-3954,SilkRoad Textiles,548-716-3327
SUP-8344,PixelPerfect Photography Gear,336-382-1659
SUP-9865,NextGen Commerce Solutions,233-938-1833
SUP-3773,BrightFuture Outfitters,746-934-5151
SUP-0910,Artisan Alley Distributors,516-443-1414
SUP-6460,BlueWave Logistics,757-567-6230
SUP-7754,GreenLeaf Suppliers,502-541-0498
SUP-4487,SummitRange Outdoor Supplies,401-456-3154
SUP-9734,CraftSphere Creations,462-290-7838
SUP-9360,DigitalHorizon Electronics,334-546-1079
SUP-7699,VintageVibe Collectibles,385-596-5987
SUP-8346,HealthHarvest Wellness Supplies,373-685-5568
SUP-1554,UrbanGlow Beauty Supplies,809-908-5585
SUP-8949,AdventureGear Outfitters,768-760-1543
SUP-2437,FreshFinds Grocery Suppliers,185-439-8584
SUP-9871,SmartHome Tech Distributors,666-547-4855
