caddress_id,country,street,postcode,city
A01HQP4D6F3GARG3KX245M4PPQV,Switzerland,Kipling,1695,Basel
A01HQP4D6FT82R95B43M7C64Y3Y,United Kingdom,Sage,W42 5DW,London
A01HQP4D6FXP31471V7T0SJK30N,Sweden,Roxbury,U93 8OJ,J?nk?ping
A01HQP4D6G63QYFEPS3ZG06VKXA,Denmark,Gale,N20 0EQ,Aarhus
A01HQP4D6G97HT7QDVZRK448ZVS,United States,Nevada,N1 8WT,Phoenix
A01HQP4D6GDV96PKC2B4EYHFMMD,China,Kropf,10805,Tianjin
A01HQP4D5AF65KZWACSPRQ5DHPJ,Sweden,Gale,K0 3IO,?rebro
A01HQP4D5AWK3CB9BMTXRKK1TNN,United Kingdom,Anniversary,V52 6JC,Manchester
A01HQP4D5B0KF36KNB8WY8D6RH1,United Kingdom,Stephen,36104,London
A01HQP4D5BPW0Z298H66W0HC8Z8,United States,Magdeline,J8B,San Diego
A01HQP4D5BSWFHK45MM2PYVQXVE,United Kingdom,Maywood,656-2225,London
A01HQP4D4VY8TA81C6MCW4QW07Q,United Kingdom,Cherokee,H11 5GC,Nottingham
A01HQP4D4W1717GNJB6FMF5B5MG,United Kingdom,Del Sol,452630,London
A01HQP4D4W3H22QXDPSVE45PZ70,United Kingdom,Arizona,92393 CEDEX,London
A01HQP4D4W7MJ82GGE9T859HX1S,United Kingdom,Alpine,21120,Portsmouth
A01HQP4D4W9KK9P1EG5PC1M9FX5,Italy,Grover,353624,Florence
A01HQP4D4WJA58B23DAWVK53JC8,Austria,Shopko,C1 7DN,Villach
A01HQP4D4WKJ40YBMQH498FTGGW,United Kingdom,Harper,QU51 4WX,Hull
A01HQP4D4WMR9H5BCVJ0GJ3H1DG,United Kingdom,Dexter,9022,London
A01HQP4D4WRK64KA7SHGZZRW84C,China,Dayton,22212,Chongqing
A01HQP4D4WSKM7HRK76MS8QETW0,United Kingdom,Prentice,P2A,London
A01HQP4D4WT09Y4T38H5ZHGGAVE,United Kingdom,Columbus,1717,Leeds
A01HQP4D6KY2CW66JYK1G4J5S75,United Kingdom,Gale,D90 6QK,Nottingham
A01HQP4D6M31JPWW71HPDEYZMDM,Netherlands,Fairfield,1711,Amsterdam
A01HQP4D6M89EEBBXVCCQCAW54D,United Kingdom,Grayhawk,ZQ9 6EQ,Bristol
A01HQP4D6MJNSCDJRD23M7A3532,China,Forest Dale,513 01,Beijing
A01HQP4D6MQJYMEWE8YT3TRZVBX,China,Spenser,100 52,Shanghai
A01HQP4D6P4NPDXRNPWZJWSP8K4,United Kingdom,Pepper Wood,66622,London
A01HQP4D6PPBEXTSZPKWH64AYTT,United Kingdom,Nova,2785-025,London
A01HQP4D6PWK3AEGXMJC74W36C6,United Kingdom,Tomscot,D23 5OV,London
A01HQP4D6Q2668QNQZEHKB4YVW8,United Kingdom,Pennsylvania,E5 4EL,Southampton
A01HQP4D6Q6B2MT1KEZV1SN7MJM,China,Rieder,3712,Beijing
A01HQP4D6QJX1QXBMPQHVM7DCAW,Switzerland,Novick,7933,LaUnited Statesnne
A01HQP4D6QNN7MAY25SER5DJNR7,Switzerland,American,4905-014,Lugano
A01HQP4D6QRRCZ480H655ENX9VS,Italy,Waubesa,Z57 4YI,Naples
A01HQP4D4M4BS462897896GE1TX,United States,Ronald Regan,22840,"Washington, D.C."
A01HQP4D4M7HZVV7KW8WVVY0JJZ,United Kingdom,Manley,611 24,London
A01HQP4D4MAJVHSJCFAABCZ2SAJ,United Kingdom,Boyd,RO55 4RH,London
A01HQP4D4MJ47MGZ929EYG391JR,United Kingdom,Pankratz,B56 1JT,Leeds
A01HQP4D4MMTSY7TJXMS8T3XY9F,South Korea,Karstens,US21 3RL,Ulsan
A01HQP4D4MNP8SY9DZ5C1Y6P509,United Kingdom,Melrose,5152,London
A01HQP4D4N8Z7G3QNS18HAK9MJP,Switzerland,Waywood,11604,Bern
A01HQP4D4NAAFN7M2M0MSAQVJXB,Iceland,Erie,9220,Gar?ab?r
A01HQP4D4NBPDCJZCRPKNDE5713,Finland,Shoshone,30674,Helsinki
A01HQP4D797T67TNM63NP3JP21X,Austria,Lighthouse Bay,EI5 4BI,Innsbruck
A01HQP4D798WSB8VNPPPHYSPHYY,United Kingdom,Twin Pines,UL0 1ZL,Newcastle upon Tyne
A01HQP4D79WJMD7CN7EF3BJ6VD4,Austria,Farmco,P5 4KL,Vienna
A01HQP4D79YW57ABEGAZ0GA3ZZY,United Kingdom,Novick,262 80,Leeds
A01HQP4D79ZZ9615DKHBV7404FJ,Denmark,Cambridge,CO06 0ZR,Gentofte
A01HQP4D7A7NHVZEW25GDVPJHYS,United Kingdom,Mallard,747 33,London
A01HQP4D53HMQYWWEMKH95JM87J,United Kingdom,Reindahl,B19 5FP,Manchester
A01HQP4D53MKKN9H2FM2RC6CZ5E,Northern Ireland,Victoria,C66 2ZL,Lisburn
A01HQP4D53Z2YVHDAZTFJD0438T,Germany,2nd,U92 0QB,D¨¹sseldorf
A01HQP4D54DPQVEMSXBGQQ73XFR,India,Dottie,794,Kolkata
A01HQP4D54HF1N8MK7MHKFJ11NV,United Kingdom,Muir,JG9 1UD,London
A01HQP4D54S2TR2YTPPTF73FKMM,United Kingdom,Burning Wood,D19 0AF,Glasgow
A01HQP4D54VYC92C0STGV3G0QTP,United Kingdom,Oneill,JZ01 7XV,London
A01HQP4CZRKXSAA26F96H4ZVFFS,Northern Ireland,Arkansas,6344,Castlereagh
A01HQP4CZTM8W68DCXCKRCGTJVD,United Kingdom,Granby,PA80 5EB,Edinburgh
A01HQP4CZTNZ7C1EG36C4ADQYQP,United Kingdom,Grim,N8 6DD,Leeds
A01HQP4D2T80HNT1JAF6CQ32KRD,United Kingdom,Sunfield,164 91,London
A01HQP4D2TP66E56ZJRC48SKK77,United Kingdom,Chive,XA72 5VP,Coventry
A01HQP4D2TY1JZT2RDSN0GC7XMM,France,Springview,JL80 1GK,Nice
A01HQP4D2V199M8W9PAVG7QWFPP,Belgium,South,GN1 4VZ,Mons
A01HQP4D2V72D1461KYDFR6C8GC,United Kingdom,Mockingbird,LH65 3AB,Bristol
A01HQP4D2VJ6T87S46JE8N03AGF,United Kingdom,Ronald Regan,LI80 3IR,Birmingham
A01HQP4D2VR91YDK4EYJRYD81YN,United Kingdom,Bashford,14790-000,Coventry
A01HQP4D2W3CVBXXZ9ZC6J1HPQA,United Kingdom,Lighthouse Bay,P8 7QV,Leeds
A01HQP4D2W4ASKT45D3ASGG4B4N,United Kingdom,Continental,I84 0TL,Edinburgh
A01HQP4D2W6QTQ3Z8271KS5PJ6K,Finland,Farmco,MB42 4MM,Jyv?skyl?
A01HQP4D3Z4M9KA8T4Q7EC7W42B,United Kingdom,Northport,789 01,Bristol
A01HQP4D3ZTMYN2HNG2Q0NEC1HC,United Kingdom,Daystar,2912,Glasgow
A01HQP4D4031Y2Z1Y6SRX31JD01,United Kingdom,Shelley,X9 0JO,Reading
A01HQP4D40MNYJNVB84QQY9A4HX,France,7th,QU2 3NQ,Lyon
A01HQP4D5960KBFETVPKBR9C9DS,Germany,Muir,Z0 6VW,Cologne
A01HQP4D59G42V758BMGVQJDBTE,China,Mallard,Q3 1PN,Guangzhou
A01HQP4D59XVYDQ70EJ0VWVVRAW,United States,Amoth,BR59 0HX,Los Angeles
A01HQP4D5A94QWDV58YBY2C66VB,United Kingdom,Drewry,111711,London
A01HQP4D507VJM0BBS21WNH8CWP,United Kingdom,Rutledge,13220,Leicester
A01HQP4D50AY6YE362S7XP8GH76,United States,Rusk,9220,New York City
A01HQP4D51851DHW22Y9GJFKCYD,Portugal,Nova,72089,Vila Nova de Gaia
A01HQP4D51ABZ5ZKZXTV4BWC55F,United States,Eastlawn,OI1 7EU,Philadelphia
A01HQP4D34DBX789YTJ5QZ5TAE7,China,Center,I1 8JM,Suzhou
A01HQP4D34PYQCNK67K7G8KNWJC,Italy,Corscot,386250,Turin
A01HQP4D356C7GEGRWMGRB272KF,United States,Oneill,141160,New York City
A01HQP4D359C5S0WB10YRYQSCJD,United Kingdom,Homewood,TZ9 1FY,London
A01HQP4D35C7VS8MZRAY441YPZN,India,Mesta,21410,Delhi
A01HQP4D35D0Q0TV7MWYAAZ5AYB,United Kingdom,Claremont,34-651,Nottingham
A01HQP4D35FX75QXTVHYZSQYMG5,United Kingdom,Nancy,XR11 5XI,London
A01HQP4D35HCVSN92X24BANH67W,Austria,Mockingbird,162250,Graz
A01HQP4D1CQZQAGYYJ5HPBD1K2A,United Kingdom,Goodland,W39 5ES,Edinburgh
A01HQP4D1CSN7RW4MEC1V7NJGVD,United Kingdom,Bay,810009,Portsmouth
A01HQP4D1CW1YKAYPSD4YBHJ0VM,France,Fulton,S5 3OC,Paris
A01HQP4D1D0ZMHFYANSSHBGTM38,Ireland,Mayer,G8 7VB,Dundalk
A01HQP4D32C2BPNBPBHBM23PB5R,United Kingdom,2nd,Q4 7FX,London
A01HQP4D32HRCMHKNT2MRZE4RTD,Italy,Burrows,S4 3OU,Bologna
A01HQP4D32N8NCHYDV04F64CMA7,United Kingdom,Melby,393479,Cardiff
A01HQP4D32YEJYXJ5JX5JJVYB9N,United Kingdom,Packers,06-216,London
A01HQP4D02QJWZNSYXZDHW1P624,Germany,Anniversary,NN52 1HL,Leipzig
A01HQP4D03G7X6SDZHTDCA4GF05,United Kingdom,Sloan,6602,Belfast
A01HQP4D03MPZ93W7PB3HWMDDP8,Finland,Kennedy,45213,Tampere
A01HQP4D03SZKW8BBMH0M3S2A32,China,Sundown,4108,Shanghai
A01HQP4D4G98G8T6PN4WJNBF5WA,United Kingdom,Birchwood,4105,Belfast
A01HQP4D4GC9Z4HMMKBQC3KRK24,Wales,Linden,37790-000,Cardiff
A01HQP4D4GPSNBYBYQBM5VEWASR,United Kingdom,Ramsey,43210,Newcastle upon Tyne
A01HQP4D4GV6M2GKBH1MC609ZR4,United States,Sage,ML0 7HD,Phoenix
A01HQP4D4H78TVBBZ0YX5ZB6VK7,United Kingdom,Jana,W36 4QA,Nottingham
A01HQP4D4HKKPTE8PTFQETWW5A7,United Kingdom,Crest Line,MQ39 1CF,Edinburgh
A01HQP4D4HMZ21Z3G8XTE4JESXR,United Kingdom,Ridgeway,RI1 4RC,Manchester
A01HQP4D478TA6HZGGGVHZR7950,United States,Meadow Vale,589 00,New York City
A01HQP4D47Z1MR811NRRXW3WXYQ,United Kingdom,Eastlawn,10370,London
A01HQP4D48P0WK5FFKZC5HG0Z24,United Kingdom,Hallows,249144,London
A01HQP4D4931WQW1VV010C58PQ3,Spain,Loomis,187625,Barcelona
A01HQP4D4RP18XKMHM8KX3V94CY,United Kingdom,Moose,QI2 2GX,Manchester
A01HQP4D4RS8548KC13M6ET1SXK,United Kingdom,Eagle Crest,DP50 5CS,London
A01HQP4D4RVWKP91SDB8V7YT5AR,Italy,Dorton,1239,Bologna
A01HQP4D4S1V9ANV9E6YE3GGF1E,United Kingdom,Daystar,94273,Belfast
A01HQP4D4S91GVAJKD9RYBGZJEA,United Kingdom,Glacier Hill,C20 3VK,Liverpool
A01HQP4D4SCZJ5T2P2X23NZ63Z2,Portugal,Lyons,84-353,Coimbra
A01HQP4D4SMRR63VNR39K9RQBF7,United States,Hollow Ridge,B04 7XT,San Jose
A01HQP4D4SP28ZRS1XKW8T1605K,United Kingdom,Carpenter,705079,Leeds
A01HQP4D4SWZYEDVVFAFHRX78Q2,United Kingdom,Hansons,1703,Reading
A01HQP4D4T57VDC9H171CZCNPQ0,Spain,Magdeline,ST0 3VD,Las Palmas de Gran Canaria
A01HQP4D4TC2MQRAM3JA8TB4XFH,United Kingdom,Prairieview,RV19 0HD,London
A01HQP4D6DEYRDT0ZJYCM2V5Z2Z,United Kingdom,Beilfuss,32-503,Aberdeen
A01HQP4D6DGY6XKYS1AHV3CJG7E,United Kingdom,Chive,RH5,Liverpool
A01HQP4D6DW43Q5Q8HT5DJBKDMA,United Kingdom,Basil,C5 4QI,Sheffield
A01HQP4D6EBMA6FEY5RZW3CKBD7,United Kingdom,Northland,C1 0DK,Sheffield
A01HQP4CZQNTPTTCBVMCTRTYZ6N,United Kingdom,Ridgeview,MB7 3EL,Edinburgh
A01HQP4CZRD490AR0SGWFW21BRY,United States,Jana,G7 1UF,San Francisco
A01HQP4CZRGF7ESTBAX4QJAYH5V,United Kingdom,Blue Bill Park,AM93 4DT,Glasgow
A01HQP4CZRJP5E4P3CMN6FD2DP1,Spain,Prairie Rose,X04 0YB,Las Palmas de Gran Canaria
A01HQP4CZRR1RVKB0AF251YYYXQ,Japan,Del Sol,TE1 7SM,Yokohama
A01HQP4CZRS75B4X3F0N7VTQKPT,United Kingdom,Parkside,N61 9KL,Manchester
A01HQP4D50054KJBFVMBWNJD917,Sweden,Heffernan,366311,Uppsala
A01HQP4D507SN9XDAC1TAP0MBG5,China,Helena,YW71 8FP,Chongqing
A01HQP4D50J5323ZSP9Z6H4R0KT,India,6th,GR98 2XG,Surat
A01HQP4D5127YHQ9RMVXCZ1X5T6,United Kingdom,Artisan,14654 CEDEX,London
A01HQP4D5164VK4QPEJ046NWTFB,United Kingdom,Artisan,T07 5IA,Newcastle upon Tyne
A01HQP4D518PB35989S90CVEAT4,United Kingdom,Wayridge,SN49 0LQ,Aberdeen
A01HQP4D179TW3F633CHP57YX53,Sweden,Tomscot,1938,Link?ping
A01HQP4D17C5DDJQ51RT9NTPY1W,United Kingdom,Artisan,EJ68 3KO,London
A01HQP4D17X37VBQFK98130RBQD,United Kingdom,Menomonie,PP60 6NP,Aberdeen
A01HQP4D183SA3XWBJRVPN0W03D,United Kingdom,Merrick,N2 0FQ,Reading
A01HQP4D18Q0Y2NT5094PRFKB13,Germany,Shasta,422840,Stuttgart
A01HQP4D2ZN4DTJG3VTMJ9DR7FF,United Kingdom,Randy,XE3 6TN,Nottingham
A01HQP4D2ZS3Y5J8RGGP9H2DAEJ,United Kingdom,Sullivan,2630-015,London
A01HQP4D3018JDVJHBJRT3T65HQ,United Kingdom,Bluejay,UI7 7YE,London
A01HQP4D306QP5EE4JT5SZWHR5X,United Kingdom,Summit,GU92 1ZY,Leeds
A01HQP4D30GRG7JFT77G6XN29TB,United Kingdom,Center,Q6 2PI,Edinburgh
A01HQP4D30MT20S850CMP0SR79N,United Kingdom,Upham,W85 2UL,Newcastle upon Tyne
A01HQP4D30P7TEFWA4XYKHPTT2P,United States,Eastwood,3610-005,Dallas
A01HQP4D30QZSNE49XVSSSZDZ6M,Italy,Acker,64-930,Palermo
A01HQP4D30R2TTRGJ70XQFZ5B7N,United Kingdom,Manitowish,AK4 3CV,Manchester
A01HQP4D30SHXGNSGC1W7C3HWSK,Belgium,Russell,V43 7RL,Aalst
A01HQP4D5AAV1G5Z53C7NXDHJRY,United Kingdom,Caliangt,MP7 5II,Southampton
A01HQP4D5AC9F6V493J6Y1GK0CV,Italy,Schlimgen,542 01,Catania
A01HQP4D5AXJMFSV94V00TXYQAV,United Kingdom,Nobel,DW4 9PH,Edinburgh
A01HQP4D5B0KZ4GTJ7RGFNW7NB4,United Kingdom,David,PV4 8KO,London
A01HQP4D5B5W2TP9MQGYX3ZMMKK,Sweden,Gale,T48 4QN,Helsingborg
A01HQP4D5B9YM1ZGXXXT8Y9W4W0,United Kingdom,Vidon,BT12 0OQ,London
A01HQP4D5BJ808N1ABGNG9SBZET,United Kingdom,Bartelt,E71 3BA,Aberdeen
A01HQP4D6DCHPDRG10DJF3PPYC3,United Kingdom,Kennedy,Q4 1AD,Edinburgh
A01HQP4D6DJ6NRKNKX6J19P4NKX,Netherlands,Anniversary,WW26 6SM,Rotterdam
A01HQP4D6DR2YJS5QXHGY14R64H,United Kingdom,Shoshone,B10 1XZ,Birmingham
A01HQP4D6DTKDJ1NEYR1N6EQE3T,United Kingdom,Sugar,1715,Coventry
A01HQP4D6EC6BF6ZMF6H63VC3ZT,Italy,Nova,393710,Rome
A01HQP4D5D9HDBW12C0A9B0BXA4,United Kingdom,Ridgeview,JP0 3ZW,Reading
A01HQP4D5DCQGAXP791B4S2MDGG,United Kingdom,Upham,P40 0ZO,London
A01HQP4D5DJRPQY4QTMPHXHGEHN,United Kingdom,Bayside,W4 4CB,Birmingham
A01HQP4D5DRBHVB2EKR90AXXXA7,United Kingdom,Scott,TX56 8DJ,Leeds
A01HQP4D5E0NVH9ETXGW5E3SXRX,United Kingdom,Lyons,7400-014,Reading
A01HQP4D5EF52WAF59QRT5WZ46J,United Kingdom,Vahlen,DX7 6RJ,Birmingham
A01HQP4D5ENDRBD0TKWR4BEVMRV,Germany,South,KF8 2SB,Berlin
A01HQP4D5ERAV5XNSWZZ4N5KD3P,United Kingdom,Basil,5060-016,Manchester
A01HQP4D5ES3AEG8KR400JFR5CJ,United Kingdom,Springs,601021,Edinburgh
A01HQP4D6AE78YJN8MGNQRQK6V1,United Kingdom,Sutteridge,4738,London
A01HQP4D6AJWW5C55M4N80A6890,United Kingdom,Kenwood,XX62 2VO,London
A01HQP4D6B0EQX6P9CXF7WZEEDE,United Kingdom,Swallow,ZX5 5XG,Newcastle upon Tyne
A01HQP4D6BKJTGQH74BP921YAPT,Austria,Walton,LA71 6OI,Klagenfurt
A01HQP4D6BQ5VKEMM333NM5X9RY,United Kingdom,Golf View,G90 6AL,London
A01HQP4D6BWM27Q10FS1KZ6X6XD,United Kingdom,Veith,4410,Edinburgh
A01HQP4D6C3BX8V8M765EKD6DVD,United Kingdom,Lawn,WV0 3WD,London
A01HQP4D5ZGNWNRCPNXY864ZKRH,United Kingdom,Barnett,JX79 8CV,London
A01HQP4D5ZYYG84RKNF1AX9CKKB,United Kingdom,Mockingbird,2950-538,Sheffield
A01HQP4D6040EJ98JKAVKED745M,United Kingdom,Warner,K30 2CK,London
A01HQP4D60635Q1SRYKM4ER7QT3,United Kingdom,Corben,ZU05 4UT,Edinburgh
A01HQP4D4GJN7ZK0X1T6XHR13K3,Wales,Eliot,4805-550,Neath
A01HQP4D4GMP6J94W67Q9RZV1BR,United Kingdom,Northview,EP56 3JE,Bristol
A01HQP4D4GW8M7JTCMF0DHZKSJK,France,Dexter,14000,Nantes
A01HQP4D4GYXJBZD7MS5FVSACVA,Portugal,Manley,36150,Amadora
A01HQP4D4HF94ZF20WV9BYR8Q76,China,Lakewood,H29 1TR,Beijing
A01HQP4D4HNTQPFTPF3WCE24R8M,United Kingdom,Eggendart,R55 8OP,Bristol
A01HQP4D60331WEMMVNZAYXNMHW,United Kingdom,Green,34-432,Leeds
A01HQP4D60F64X2XCSQF2QZT56E,United Kingdom,Thierer,571,Manchester
A01HQP4D60KSRN65ZMVCMXG749Z,Japan,Corben,352144,Nagoya
A01HQP4D610MQ6F5ZJSVC0NAPJC,United Kingdom,Warbler,2006,Bristol
A01HQP4D619H60543XR7YKDVDC6,United Kingdom,Veith,11504,Liverpool
A01HQP4D61CHW4S3RTHPM9CC8ZB,United Kingdom,Dorton,DA16 7AV,Manchester
A01HQP4D61H66XGQ7MTNRVCRZZ3,Iceland,Northridge,J4 9GR,Reykjavik
